volatility,index,crash_label,price_change,volume_change,date,Quarter
83.18644263039562,000001.SS,0,0.040962948181594,0.0,1998-03-31,Q1 1998
83.18644263039562,000001.SS,0,0.0773811727575171,0.0,1998-06-30,Q2 1998
87.24865703012783,000001.SS,1,-0.0719129962300638,0.0,1998-09-30,Q3 1998
79.12422823066342,000001.SS,0,-0.0773966970882567,0.0,1998-12-31,Q4 1998
81.80479312080816,000001.SS,0,0.0099014601811455,0.0,1999-03-31,Q1 1999
90.41325119460728,000001.SS,0,0.4588508342874682,0.0,1999-06-30,Q2 1999
160.48444256398415,000001.SS,0,-0.0702758292500596,0.0,1999-09-30,Q3 1999
201.61776994938845,000001.SS,0,-0.1299559476501126,0.0,1999-12-31,Q4 1999
193.7698139184607,000001.SS,0,0.3173213668252401,0.0,2000-03-31,Q1 2000
176.63777087228712,000001.SS,0,0.0710361111414366,0.0,2000-06-30,Q2 2000
196.7966270631979,000001.SS,0,-0.0093070332694229,0.0,2000-09-30,Q3 2000
221.2603251667485,000001.SS,0,0.0854985726965531,0.0,2000-12-31,Q4 2000
150.75667262386662,000001.SS,0,0.0189526339573873,0.0,2001-03-31,Q1 2001
98.17183255090848,000001.SS,0,0.049817967012891,0.0,2001-06-30,Q2 2001
100.91142261351447,000001.SS,1,-0.2043084642269874,0.0,2001-09-30,Q3 2001
167.6111866545056,000001.SS,0,-0.067368249227579,0.0,2001-12-31,Q4 2001
236.72975866161676,000001.SS,0,-0.025556901863081,0.0,2002-03-31,Q1 2002
247.21924218214815,000001.SS,0,0.0803351652575234,0.0,2002-06-30,Q2 2002
143.41395951304636,000001.SS,0,-0.0872235038795034,0.0,2002-09-30,Q3 2002
90.06322453940803,000001.SS,0,-0.1416043465056267,0.0,2002-12-31,Q4 2002
103.68410879001524,000001.SS,0,0.1126383778601898,inf,2003-03-31,Q1 2003
98.39199060429024,000001.SS,0,-0.0162546753828692,5.023224043715847,2003-06-30,Q2 2003
80.98787297522847,000001.SS,0,-0.0799872904353214,10.899977319119982,2003-09-30,Q3 2003
68.06875600219998,000001.SS,0,0.095001929948107,-0.9203880534431166,2003-12-31,Q4 2003
85.58317800329027,000001.SS,0,0.1633746974017154,0.5319607373713191,2004-03-31,Q1 2004
119.21678636583664,000001.SS,0,-0.1966332842142801,-0.4230348491951867,2004-06-30,Q2 2004
129.55591879650498,000001.SS,0,-0.0017596505302115,0.0842361863488623,2004-09-30,Q3 2004
142.00242180042653,000001.SS,0,-0.0932225846954045,-0.0222333250062453,2004-12-31,Q4 2004
156.5457579821515,000001.SS,0,-0.0673196059617537,-0.0661727133367399,2005-03-31,Q1 2005
117.68723051775986,000001.SS,0,-0.0849093465375797,0.2114911080711354,2005-06-30,Q2 2005
113.9746854207005,000001.SS,0,0.069084467564475,0.680442637759711,2005-09-30,Q3 2005
92.35452155639253,000001.SS,0,0.0047100442705501,-0.4094879720467679,2005-12-31,Q4 2005
76.14438705569046,000001.SS,0,0.1182009464663325,0.6169776968593537,2006-03-31,Q1 2006
127.12517143804271,000001.SS,0,0.2880054247828973,1.088388458831809,2006-06-30,Q2 2006
209.35075974025608,000001.SS,0,0.047968161773557,-0.2348025340342364,2006-09-30,Q3 2006
255.75087020584093,000001.SS,0,0.5267276624446733,0.5948564382596442,2006-12-31,Q4 2006
449.692845679294,000001.SS,1,0.1900630565077634,0.719350563286945,2007-03-31,Q1 2007
726.0227979935078,000001.SS,0,0.1999759385240791,0.3611164643155393,2007-06-30,Q2 2007
984.308579240426,000001.SS,0,0.4532144881156379,-0.2894022700993464,2007-09-30,Q3 2007
1144.500338249102,000001.SS,0,-0.0523634803702575,-0.4023511440241756,2007-12-31,Q4 2007
904.0934451079224,000001.SS,1,-0.3399845448283036,0.090292826582208,2008-03-31,Q1 2008
768.1880161225251,000001.SS,1,-0.2121136663125292,-0.0290490266027927,2008-06-30,Q2 2008
1039.8963786840895,000001.SS,1,-0.1616602472116282,-0.1009342851144237,2008-09-30,Q3 2008
1145.045210953007,000001.SS,1,-0.2062002765413787,0.4950668457002745,2008-12-31,Q4 2008
818.7617283883106,000001.SS,0,0.3033865903371775,0.4577297044007966,2009-03-31,Q1 2009
470.7558518489898,000001.SS,0,0.2469854989568631,0.1555007902279606,2009-06-30,Q2 2009
431.7225839018055,000001.SS,0,-0.0608023051843135,0.1190884643916914,2009-09-30,Q3 2009
472.4245867516685,000001.SS,0,0.1790703857840758,-0.183083711391461,2009-12-31,Q4 2009
364.0288577507636,000001.SS,0,-0.0512745842801111,-0.2734880182578927,2010-03-31,Q1 2010
220.52883994968977,000001.SS,0,-0.2285978980272627,-0.0936823734729493,2010-06-30,Q2 2010
261.7412705781511,000001.SS,0,0.1072761205424746,0.2252175922360009,2010-09-30,Q3 2010
263.2068070446543,000001.SS,0,0.0573940423302068,0.3374614949393348,2010-12-31,Q4 2010
211.5501606925785,000001.SS,0,0.0427460442781413,-0.244888366627497,2011-03-31,Q1 2011
182.75090642957767,000001.SS,0,-0.0567038447271168,-0.1096483037659508,2011-06-30,Q2 2011
150.35388745593048,000001.SS,0,-0.1458529541308439,-0.1323801866675988,2011-09-30,Q3 2011
195.935531080946,000001.SS,0,-0.067735128595527,-0.1946817082997582,2011-12-31,Q4 2011
247.0918651354659,000001.SS,0,0.0288126780756441,0.2726135681408845,2012-03-31,Q1 2012
192.75415242366023,000001.SS,0,-0.0165097891972491,-0.0365609152022644,2012-06-30,Q2 2012
136.29275677317182,000001.SS,0,-0.0625771157061141,-0.1542008405761619,2012-09-30,Q3 2012
133.67416775265335,000001.SS,0,0.087700943294213,0.138894249324585,2012-12-31,Q4 2012
136.57262266481263,000001.SS,0,-0.0143256955732666,0.4454187317321134,2013-03-31,Q1 2013
119.84272759058685,000001.SS,0,-0.1150910361088066,-0.2168688822460582,2013-06-30,Q2 2013
120.50850059918658,000001.SS,0,0.0987562583047279,0.432059726068408,2013-09-30,Q3 2013
117.38905408246676,000001.SS,0,-0.0269866902095644,-0.1328934474423466,2013-12-31,Q4 2013
107.78625670500422,000001.SS,0,-0.0390703476132469,-0.1067898258091736,2014-03-31,Q1 2014
86.07118016611207,000001.SS,0,0.0073874142897307,-0.1276717782613829,2014-06-30,Q2 2014
75.3824093005462,000001.SS,0,0.1540492448879593,1.0336305091956914,2014-09-30,Q3 2014
151.82605945234835,000001.SS,0,0.3683818660061151,0.9394809665547704,2014-12-31,Q4 2014
416.94237486075576,000001.SS,0,0.1586624950553756,-0.0146996812944348,2015-03-31,Q1 2015
740.1429926591544,000001.SS,1,0.1412319949575915,0.8020771129423943,2015-06-30,Q2 2015
844.7181400354957,000001.SS,1,-0.2862701805108387,-0.2468057139543424,2015-09-30,Q3 2015
634.8896214694669,000001.SS,0,0.1593304196968841,-0.3444189840699528,2015-12-31,Q4 2015
576.3890245060032,000001.SS,0,-0.1512402761799771,-0.3232818642939831,2016-03-31,Q1 2016
589.0708317579416,000001.SS,0,-0.0247374113664816,-0.1887344429201858,2016-06-30,Q2 2016
306.7238273250231,000001.SS,0,0.0256337968073445,0.0964570939613722,2016-09-30,Q3 2016
228.1242944018008,000001.SS,0,0.0329264110143741,0.1102316118063491,2016-12-31,Q4 2016
130.21282665653382,000001.SS,0,0.038302467249353,-0.140139913976335,2017-03-31,Q1 2017
117.44496303649105,000001.SS,0,-0.0093364729669499,-0.0058099362561432,2017-06-30,Q2 2017
82.954911081165,000001.SS,0,0.0490273115674981,0.3187121909199475,2017-09-30,Q3 2017
95.86889135618028,000001.SS,0,-0.0124728891045456,-0.2859475789989385,2017-12-31,Q4 2017
107.20501012982535,000001.SS,0,-0.0418106894661128,0.1841467851759446,2018-03-31,Q1 2018
117.9309166289218,000001.SS,0,-0.1014482347265389,-0.2711462658789033,2018-06-30,Q2 2018
207.7463313642746,000001.SS,0,-0.0091549155690667,-0.03409898461872,2018-09-30,Q3 2018
284.44713622498614,000001.SS,0,-0.1160629096809086,0.1677224660814047,2018-12-31,Q4 2018
268.1807563784756,000001.SS,0,0.2393291706958729,0.7619551056150018,2019-03-31,Q1 2019
216.38249956834804,000001.SS,0,-0.0361982804550961,-0.0664513039947148,2019-06-30,Q2 2019
199.5723223014839,000001.SS,0,-0.0247368270941469,-0.272046173123243,2019-09-30,Q3 2019
191.76379048079423,000001.SS,0,0.0464114178743624,-0.1446854431621568,2019-12-31,Q4 2019
368.63676314040856,^BSESN,0,0.0638893956182022,0.0,1998-03-31,Q1 1998
368.63676314040856,^BSESN,0,-0.1649373986497334,0.0,1998-06-30,Q2 1998
354.4514596341451,^BSESN,1,-0.0456518170045932,0.0,1998-09-30,Q3 1998
382.82206664667206,^BSESN,0,-0.0151114584267859,0.0,1998-12-31,Q4 1998
398.2959671891098,^BSESN,0,0.2240452405796935,0.0,1999-03-31,Q1 1999
355.5319793145723,^BSESN,0,0.1071589064367386,0.0,1999-06-30,Q2 1999
554.314307812342,^BSESN,0,0.1506231858508304,0.0,1999-09-30,Q3 1999
668.8264282958353,^BSESN,0,0.0506672178989522,0.0,1999-12-31,Q4 1999
633.8655306923512,^BSESN,0,-0.00090695215208,0.0,2000-03-31,Q1 2000
500.7756168506925,^BSESN,1,-0.0504890301027441,0.0,2000-06-30,Q2 2000
428.3293756089454,^BSESN,1,-0.138644350855243,0.0,2000-09-30,Q3 2000
544.969942699327,^BSESN,0,-0.0289116827808388,0.0,2000-12-31,Q4 2000
500.82108359694456,^BSESN,1,-0.0925803408572101,0.0,2001-03-31,Q1 2001
390.9846986472456,^BSESN,0,-0.0409501379750385,0.0,2001-06-30,Q2 2001
386.3335981718114,^BSESN,1,-0.1866418823797294,0.0,2001-09-30,Q3 2001
444.00382933607096,^BSESN,0,0.1603108425143671,0.0,2001-12-31,Q4 2001
341.99014218705264,^BSESN,0,0.063457717206296,0.0,2002-03-31,Q1 2002
230.581134659768,^BSESN,0,-0.0647528038857016,0.0,2002-06-30,Q2 2002
221.8549770278418,^BSESN,0,-0.0780780496077926,0.0,2002-09-30,Q3 2002
201.68257716603085,^BSESN,0,0.1290115225236481,0.0,2002-12-31,Q4 2002
191.0135995529349,^BSESN,0,-0.0972854059312795,0.0,2003-03-31,Q1 2003
146.03130027355766,^BSESN,0,0.1831620868677517,0.0,2003-06-30,Q2 2003
265.55290492347655,^BSESN,0,0.2345660896753689,inf,2003-09-30,Q3 2003
597.2865676817215,^BSESN,0,0.311171114431688,0.2762301483988545,2003-12-31,Q4 2003
979.2379369510156,^BSESN,0,-0.0425349488509548,0.1325989392084863,2004-03-31,Q1 2004
920.9875595021256,^BSESN,1,-0.1422280475851057,-0.1637247838616714,2004-06-30,Q2 2004
568.736718710616,^BSESN,0,0.1643533485346144,-0.0779668317897911,2004-09-30,Q3 2004
418.2481240689449,^BSESN,0,0.1825127655903469,-0.3719925251109554,2004-12-31,Q4 2004
555.3539833627065,^BSESN,0,-0.0166402054560356,0.1426445973591221,2005-03-31,Q1 2005
656.7681201229126,^BSESN,0,0.107970079628977,-0.3125,2005-06-30,Q2 2005
644.4522026313327,^BSESN,0,0.2002586030480544,0.1145833333333332,2005-09-30,Q3 2005
808.8752696882158,^BSESN,0,0.0884186630004066,0.3608751062022091,2005-12-31,Q4 2005
1155.5588799487452,^BSESN,0,0.2002600930224825,-0.0493210550959887,2006-03-31,Q1 2006
1551.5339175920417,^BSESN,1,-0.0594603139780787,0.2352651452963388,2006-06-30,Q2 2006
1323.0026043324883,^BSESN,0,0.1739208635742395,-0.2799043062200956,2006-09-30,Q3 2006
1295.1277852873573,^BSESN,0,0.106989345367632,-0.1382428940568475,2006-12-31,Q4 2006
1382.7205984032191,^BSESN,0,-0.0518470446803452,0.0698222317412722,2007-03-31,Q1 2007
1378.467564160341,^BSESN,0,0.1207464908787874,-0.0466466466466466,2007-06-30,Q2 2007
1074.746342397999,^BSESN,0,0.1802387688888278,0.1883662326753465,2007-09-30,Q3 2007
1712.2215709658487,^BSESN,0,0.1732620071991066,0.1016080579607705,2007-12-31,Q4 2007
2433.4242550326085,^BSESN,1,-0.2288436949519006,-0.0174847609881295,2008-03-31,Q1 2008
2019.0449538647083,^BSESN,0,-0.139528213241188,0.0376326530612245,2008-06-30,Q2 2008
2040.206656421042,^BSESN,0,-0.0446581341979841,0.3936747698843521,2008-09-30,Q3 2008
2842.3275937761423,^BSESN,1,-0.2498454713617048,0.5965001411233417,2008-12-31,Q4 2008
3082.3532570742677,^BSESN,1,0.0063427455335112,-0.0661197935082384,2009-03-31,Q1 2009
2711.919221511565,^BSESN,0,0.4929020800072101,0.0456610631531122,2009-06-30,Q2 2009
2500.4580480597333,^BSESN,0,0.1816633844712583,-0.2937214859873995,2009-09-30,Q3 2009
3022.6804395327567,^BSESN,0,0.0197333954312846,-0.2621757407977032,2009-12-31,Q4 2009
2806.988023762903,^BSESN,0,0.0036049050864892,-0.2280433574207893,2010-03-31,Q1 2010
1390.2756226523288,^BSESN,0,0.0098775180188401,0.0428442844284429,2010-06-30,Q2 2010
793.7282633489981,^BSESN,0,0.1337908636135985,-0.1567408941826342,2010-09-30,Q3 2010
1198.962584868903,^BSESN,0,0.0219227710016622,-0.1148413510747184,2010-12-31,Q4 2010
1283.0428700196403,^BSESN,0,-0.0518730547640176,0.2974098057354302,2011-03-31,Q1 2011
1066.222622433868,^BSESN,0,-0.030822564148304,-0.2976827094474154,2011-06-30,Q2 2011
980.9453456716805,^BSESN,0,-0.1269301700627572,0.1159898477157359,2011-09-30,Q3 2011
1188.3597498308586,^BSESN,0,-0.0607058725773281,0.1664771435069365,2011-12-31,Q4 2011
1125.307984999776,^BSESN,0,0.1261267807745789,0.0752583349580815,2012-03-31,Q1 2012
928.8477988080958,^BSESN,0,0.0014813235401387,-0.3815049864007253,2012-06-30,Q2 2012
701.5059964408748,^BSESN,0,0.0764636407949217,-0.0650835532102023,2012-09-30,Q3 2012
888.9026863760586,^BSESN,0,0.0353877256110248,-0.1705863907180934,2012-12-31,Q4 2012
1087.239301791196,^BSESN,0,-0.0304190147344647,0.095274102079395,2013-03-31,Q1 2013
1104.095891343753,^BSESN,0,0.0297328449838933,0.0,2013-06-30,Q2 2013
739.9190130405013,^BSESN,0,-0.0008270350747257,0.353641698308595,2013-09-30,Q3 2013
660.3741399929565,^BSESN,0,0.092411323744699,-0.2003060053550936,2013-12-31,Q4 2013
858.1835754713478,^BSESN,0,0.0574185553649337,0.1752232142857142,2014-03-31,Q1 2014
1330.6223166746256,^BSESN,0,0.1352395834151269,0.0162800162800162,2014-06-30,Q2 2014
2198.728391827916,^BSESN,0,0.0478768015782531,-0.2432252035776264,2014-09-30,Q3 2014
2543.3005842543307,^BSESN,0,0.0326283711388657,-0.1010760275180807,2014-12-31,Q4 2014
2501.762427731449,^BSESN,0,0.0166574536408901,0.4317111459968603,2015-03-31,Q1 2015
1608.6852056177952,^BSESN,0,-0.0063188846627151,-0.0722313596491228,2015-06-30,Q2 2015
987.8631313322086,^BSESN,0,-0.0585295686063871,0.2068252326783868,2015-09-30,Q3 2015
1041.2123087334614,^BSESN,0,-0.0014257793116457,-0.1985555147508875,2015-12-31,Q4 2015
1397.8046628018158,^BSESN,0,-0.0296995703019253,0.3540552925003819,2016-03-31,Q1 2016
1353.8293175361944,^BSESN,0,0.065419877191825,-0.140214326001128,2016-06-30,Q2 2016
1297.8587786825656,^BSESN,0,0.0320833035237559,0.0573340330621883,2016-09-30,Q3 2016
1494.8703159336633,^BSESN,0,-0.0444807915571277,-0.1577118749224469,2016-12-31,Q4 2016
1375.127185326668,^BSESN,0,0.1124460013491044,1.913965822038892,2017-03-31,Q1 2017
1286.307087829744,^BSESN,0,0.0439259760976351,-0.5922649140546006,2017-06-30,Q2 2017
1777.299699505178,^BSESN,0,0.0117106235879742,-0.0905145691258524,2017-09-30,Q3 2017
2104.410366932728,^BSESN,0,0.088643785315408,0.6089979550102249,2017-12-31,Q4 2017
1812.7202718872445,^BSESN,0,-0.0319509624767794,-0.1798847652940179,2018-03-31,Q1 2018
1436.425934951051,^BSESN,0,0.0744585711201752,-0.1857629920446327,2018-06-30,Q2 2018
1588.3783848712774,^BSESN,0,0.0226872160955209,0.0688998858012943,2018-09-30,Q3 2018
1548.5883942265011,^BSESN,0,-0.004383798921475,144.62974833808167,2018-12-31,Q4 2018
1368.0609163490392,^BSESN,0,0.0686860399077617,0.5804986203776539,2019-03-31,Q1 2019
1425.529334883846,^BSESN,0,0.0220237656095074,-0.994736793244941,2019-06-30,Q2 2019
1617.6895110903567,^BSESN,0,-0.0184622194405409,0.5377756001959824,2019-09-30,Q3 2019
1605.8505549448364,^BSESN,0,0.0747574765356249,0.3400242146179826,2019-12-31,Q4 2019
1392.0661406975937,^BVSP,1,0.1716191036579386,0.0,1998-03-31,Q1 1998
1224.0272920461653,^BVSP,1,-0.1899221561898384,0.0,1998-06-30,Q2 1998
1240.764477714368,^BVSP,1,-0.3187642074808845,0.0,1998-09-30,Q3 1998
1719.4004798472274,^BVSP,1,0.0289701198240557,0.0,1998-12-31,Q4 1998
1885.97095257059,^BVSP,1,0.5766509433962264,0.0,1999-03-31,Q1 1999
1819.4089255733115,^BVSP,0,0.087041884816754,0.0,1999-06-30,Q2 1999
1983.6921893264137,^BVSP,0,-0.0448094951406209,0.0,1999-09-30,Q3 1999
1819.039208084876,^BVSP,0,0.5389879344498469,0.0,1999-12-31,Q4 1999
2411.344310820713,^BVSP,0,0.0425930259770652,0.0,2000-03-31,Q1 2000
2807.31277248388,^BVSP,1,-0.0612794612794612,0.0,2000-06-30,Q2 2000
2499.665174072662,^BVSP,0,-0.0478240076518412,0.0,2000-09-30,Q3 2000
1511.1705365058335,^BVSP,0,-0.0420015067805122,0.0,2000-12-31,Q4 2000
1290.4919153034216,^BVSP,0,-0.053804312209188,0.0,2001-03-31,Q1 2001
1206.1541623184826,^BVSP,0,0.0084499238121622,0.0,2001-06-30,Q2 2001
1273.330536475932,^BVSP,1,-0.2695054945054945,0.0,2001-09-30,Q3 2001
1806.6575048400696,^BVSP,0,0.276607747273411,0.0,2001-12-31,Q4 2001
1603.2025204585086,^BVSP,0,-0.023788481366917,0.0,2002-03-31,Q1 2002
1220.468675047694,^BVSP,0,-0.159637872500943,0.0,2002-06-30,Q2 2002
1341.5644559709303,^BVSP,0,-0.2258730586228566,inf,2002-09-30,Q3 2002
1722.5217780270289,^BVSP,0,0.3067377942711353,0.0,2002-12-31,Q4 2002
1552.4892077419502,^BVSP,0,0.0005324813631522,0.0,2003-03-31,Q1 2003
1214.2992393138304,^BVSP,0,0.150700727337236,0.0,2003-06-30,Q2 2003
1635.9006706659634,^BVSP,0,0.2341786787944191,0.0,2003-09-30,Q3 2003
2552.482583781567,^BVSP,0,0.3887952032977328,0.0,2003-12-31,Q4 2003
3899.331573073574,^BVSP,0,-0.0042273790250044,0.0,2004-03-31,Q1 2004
3626.539113063584,^BVSP,0,-0.0448468972992502,0.0,2004-06-30,Q2 2004
2463.7182513016915,^BVSP,0,0.0991063407253298,0.0,2004-09-30,Q3 2004
1614.9216085184407,^BVSP,0,0.1269520326952031,0.0,2004-12-31,Q4 2004
2068.1880407072545,^BVSP,0,0.0158421132997403,0.0,2005-03-31,Q1 2005
2347.8686100624564,^BVSP,0,-0.0586223742061553,0.0,2005-06-30,Q2 2005
1666.5313980587491,^BVSP,0,0.2607879924953096,0.0,2005-09-30,Q3 2005
2214.283411132437,^BVSP,0,0.0592705167173253,0.0,2005-12-31,Q4 2005
3855.923848903481,^BVSP,0,0.1343854615016737,0.0,2006-03-31,Q1 2006
5056.651344639661,^BVSP,0,-0.0348071247892074,0.0,2006-06-30,Q2 2006
3820.826748137368,^BVSP,0,-0.0049684693292566,inf,2006-09-30,Q3 2006
2565.240453444814,^BVSP,0,0.2201706494005322,1.5293898486594104,2006-12-31,Q4 2006
2974.1580709667446,^BVSP,0,0.029927598147232,0.1101601749171403,2007-03-31,Q1 2007
4602.117289591282,^BVSP,0,0.1874686169632136,-0.0016925398011247,2007-06-30,Q2 2007
6181.84419805868,^BVSP,0,0.1116524488895425,-0.6926843698578755,2007-09-30,Q3 2007
6719.624917399774,^BVSP,0,0.0565781857272802,-0.8635969978094722,2007-12-31,Q4 2007
6580.511065086179,^BVSP,0,-0.0456751087875277,-0.3746966868640492,2008-03-31,Q1 2008
5370.613801464967,^BVSP,0,0.0664282902506232,-0.6142285913640877,2008-06-30,Q2 2008
5095.388856957977,^BVSP,0,-0.2380417730474637,0.2008292173913044,2008-09-30,Q3 2008
9226.172026330012,^BVSP,1,-0.2420419450556105,0.3015400372612085,2008-12-31,Q4 2008
12401.586600905312,^BVSP,0,0.0899067909454061,-0.1195544770392947,2009-03-31,Q1 2009
10893.666412281858,^BVSP,0,0.2575135610614278,0.0134573308582359,2009-06-30,Q2 2009
7452.099141116402,^BVSP,0,0.1953366365491111,-0.1473958509999381,2009-09-30,Q3 2009
9392.87204425604,^BVSP,0,0.1149257127995058,0.061889639581661,2009-12-31,Q4 2009
9687.54749602805,^BVSP,0,0.0260103808246341,0.0774492843054071,2010-03-31,Q1 2010
7047.052641426908,^BVSP,0,-0.1340874211334053,0.2607578676942839,2010-06-30,Q2 2010
4111.042915256892,^BVSP,0,0.1393921491400813,-0.0511484761073489,2010-09-30,Q3 2010
2955.991401550744,^BVSP,0,-0.0018003744778913,-0.0930572535072795,2010-12-31,Q4 2010
3027.085501441431,^BVSP,0,-0.0103600028857946,0.2867428312878231,2011-03-31,Q1 2011
2843.627323833008,^BVSP,0,-0.0901482788283494,-0.0996517353892226,2011-06-30,Q2 2011
4165.656798483436,^BVSP,0,-0.1615281071726171,0.3723767802744291,2011-09-30,Q3 2011
5831.816120675279,^BVSP,0,0.0846647809800473,-0.0900702206222386,2011-12-31,Q4 2011
5045.035965041284,^BVSP,0,0.1366775910068012,0.0374168276034621,2012-03-31,Q1 2012
4461.960587414581,^BVSP,0,-0.1574305157260002,0.220258888700469,2012-06-30,Q2 2012
4413.493869154402,^BVSP,0,0.0886946923006162,0.0582299303509628,2012-09-30,Q3 2012
3975.323974270462,^BVSP,0,0.0300121670947681,-0.0927161143530844,2012-12-31,Q4 2012
3714.967249972448,^BVSP,0,-0.0754692216826354,0.2584529149905221,2013-03-31,Q1 2013
2691.543195678996,^BVSP,0,-0.1578471039182283,0.4024949009758434,2013-06-30,Q2 2013
4295.266826629586,^BVSP,0,0.1028510019596686,0.1677172782629401,2013-09-30,Q3 2013
4250.030834329046,^BVSP,0,-0.0158775650578929,-0.3492986834627154,2013-12-31,Q4 2013
3500.4562406226114,^BVSP,0,-0.0212010018055798,-0.1790261414734314,2014-03-31,Q1 2014
2953.162452370995,^BVSP,0,0.0546067638599623,-0.0256247580698171,2014-06-30,Q2 2014
3138.896183760261,^BVSP,0,0.0178302738489317,0.1221157454625225,2014-09-30,Q3 2014
3789.564961399456,^BVSP,0,-0.0759294848104072,0.1267828109128268,2014-12-31,Q4 2014
3798.125423629496,^BVSP,0,0.0228568000479931,-0.1189762065766961,2015-03-31,Q1 2015
3398.86691404171,^BVSP,0,0.0377517106549365,-0.0570761067091811,2015-06-30,Q2 2015
3391.4840321225224,^BVSP,0,-0.151127522088883,0.0269114852055101,2015-09-30,Q3 2015
3243.9751830735645,^BVSP,0,-0.037928049890144,-0.0288951009297059,2015-12-31,Q4 2015
4569.254315552855,^BVSP,0,0.1546712802768166,0.2642006029117039,2016-03-31,Q1 2016
4561.089914120667,^BVSP,0,0.0294076515832584,-0.0679611980220138,2016-06-30,Q2 2016
4870.896736864731,^BVSP,0,0.1327459390222602,-0.0920792283651831,2016-09-30,Q3 2016
6881.892764367536,^BVSP,0,0.0318673222882792,-0.0116827629078744,2016-12-31,Q4 2016
6190.893061804857,^BVSP,0,0.0789845086090956,-0.1403189440185249,2017-03-31,Q1 2017
4991.780988894484,^BVSP,0,-0.0320694324756862,0.0710135944058292,2017-06-30,Q2 2017
3338.1421900591818,^BVSP,0,0.1811446740858506,-0.0648299567424576,2017-09-30,Q3 2017
4904.3696487347925,^BVSP,0,0.0283737583115728,-0.0270861860346416,2017-12-31,Q4 2017
6375.878099653169,^BVSP,0,0.1173267715504828,0.1503379042557031,2018-03-31,Q1 2018
7851.717762834735,^BVSP,0,-0.1476348897687603,0.1782398053665601,2018-06-30,Q2 2018
5553.5635582418,^BVSP,0,0.0904168327309209,-0.2024269037802394,2018-09-30,Q3 2018
4979.164071007188,^BVSP,0,0.1076983186710696,0.365197586638319,2018-12-31,Q4 2018
6433.754447461607,^BVSP,0,0.0856554439223094,0.0326437566926598,2019-03-31,Q1 2019
8447.142611875202,^BVSP,0,0.05818791594613,-0.0220302369703087,2019-06-30,Q2 2019
7999.52059497548,^BVSP,0,0.0374181663315735,0.1071801325020274,2019-09-30,Q3 2019
5996.8400928875335,^BVSP,0,0.1071077378395151,-0.0238273287363826,2019-12-31,Q4 2019
196.93038347509025,^FCHI,0,0.2922405465415623,0.0,1998-03-31,Q1 1998
381.3240569191258,^FCHI,0,0.0846773520371941,0.0,1998-06-30,Q2 1998
523.1411057901375,^FCHI,1,-0.2392083163639987,0.0,1998-09-30,Q3 1998
466.5235326854573,^FCHI,0,0.2328710493622967,0.0,1998-12-31,Q4 1998
331.4303405900945,^FCHI,0,0.0647329408045693,0.0,1999-03-31,Q1 1999
330.7676316120015,^FCHI,0,0.0806907272062791,0.0,1999-06-30,Q2 1999
394.33857280686,^FCHI,0,0.0120817218684321,0.0,1999-09-30,Q3 1999
350.17421011610423,^FCHI,0,0.2977074468469765,0.0,1999-12-31,Q4 1999
578.4846461515122,^FCHI,0,0.0550037577937034,0.0,2000-03-31,Q1 2000
759.7360656614223,^FCHI,0,0.0255311744834287,0.0,2000-06-30,Q2 2000
717.9892698532061,^FCHI,0,-0.0279080181244268,0.0,2000-09-30,Q3 2000
402.72773513790696,^FCHI,0,-0.0542891422183069,0.0,2000-12-31,Q4 2000
315.7717891242676,^FCHI,0,-0.1258718984473328,0.0,2001-03-31,Q1 2001
482.9031898776631,^FCHI,0,0.0086633171096035,0.0,2001-06-30,Q2 2001
523.1731879881141,^FCHI,1,-0.2193756263154727,0.0,2001-09-30,Q3 2001
591.4180849806307,^FCHI,0,0.1337478256986941,0.0,2001-12-31,Q4 2001
493.9423039792672,^FCHI,0,0.0137179895978731,0.0,2002-03-31,Q1 2002
379.5387796827084,^FCHI,0,-0.1685210442799835,0.0,2002-06-30,Q2 2002
404.96165322120913,^FCHI,1,-0.2874661150669412,0.0,2002-09-30,Q3 2002
616.2923038257019,^FCHI,0,0.1031377580059131,0.0,2002-12-31,Q4 2002
617.4368169529866,^FCHI,1,-0.1453861125000248,0.0,2003-03-31,Q1 2003
403.8313527698031,^FCHI,0,0.1778297715700165,0.0,2003-06-30,Q2 2003
204.1590267020943,^FCHI,0,0.0165007266193462,0.0,2003-09-30,Q3 2003
219.7905010794993,^FCHI,0,0.1348999242188195,0.0,2003-12-31,Q4 2003
276.8193308845067,^FCHI,0,0.018924106909429,0.0,2004-03-31,Q1 2004
230.4944552388524,^FCHI,0,0.0297250134049955,0.0,2004-06-30,Q2 2004
162.5639032560889,^FCHI,0,-0.0247468873621865,0.0,2004-09-30,Q3 2004
95.25121803620569,^FCHI,0,0.0495932822686573,inf,2004-12-31,Q4 2004
109.1378386184391,^FCHI,0,0.0645406428571473,0.074131165845207,2005-03-31,Q1 2005
170.21404216014665,^FCHI,0,0.0397194703734515,0.0915300283292492,2005-06-30,Q2 2005
230.4778622761844,^FCHI,0,0.0876422886060936,-0.0044249020190606,2005-09-30,Q3 2005
254.6080518381173,^FCHI,0,0.0250455346820948,-0.0053730234796849,2005-12-31,Q4 2005
288.5651211385378,^FCHI,0,0.1072312738258496,0.2806280550881104,2006-03-31,Q1 2006
321.0934853166124,^FCHI,0,-0.04882157731998,0.0590722865072734,2006-06-30,Q2 2006
257.74031259130464,^FCHI,0,0.057199374727515,-0.1972076224935096,2006-09-30,Q3 2006
224.19977422437583,^FCHI,0,0.0555713252021481,0.0716234146724661,2006-12-31,Q4 2006
253.87878119620305,^FCHI,0,0.016673474588009,0.2187605916282877,2007-03-31,Q1 2007
334.0416932731513,^FCHI,0,0.0746819415604449,-0.0759888781379634,2007-06-30,Q2 2007
304.01556140787,^FCHI,0,-0.0560271092360249,0.239337659477054,2007-09-30,Q3 2007
228.68361163516747,^FCHI,0,-0.0177773574709075,-0.0884632831734228,2007-12-31,Q4 2007
320.508903614404,^FCHI,1,-0.1615599067495265,0.3183870125523071,2008-03-31,Q1 2008
458.9643814873215,^FCHI,0,-0.0578320986788594,-0.1963860549117573,2008-06-30,Q2 2008
491.2183101314221,^FCHI,0,-0.0908147944420595,0.2397925425748626,2008-09-30,Q3 2008
606.9534641792646,^FCHI,1,-0.2019121815518312,0.0273664186999247,2008-12-31,Q4 2008
723.3311957959776,^FCHI,1,-0.1276052562798706,-0.1668473863231122,2009-03-31,Q1 2009
687.0593874621017,^FCHI,0,0.1186531888147222,-0.0862046097619204,2009-06-30,Q2 2009
429.4898812307068,^FCHI,0,0.2085599415761594,-0.0610543456075145,2009-09-30,Q3 2009
337.61625410988705,^FCHI,0,0.0371291031216456,-0.0458689622165141,2009-12-31,Q4 2009
370.55195508632096,^FCHI,0,0.0095723506140961,0.0306147689947893,2010-03-31,Q1 2010
266.7726812393647,^FCHI,1,-0.1336484095113851,0.2821218512572498,2010-06-30,Q2 2010
178.56282807219208,^FCHI,0,0.0790876407780216,-0.2268148000928038,2010-09-30,Q3 2010
174.2360974376694,^FCHI,0,0.0364935428753587,-0.0685429636718862,2010-12-31,Q4 2010
185.96331193326893,^FCHI,0,0.0359461305103314,0.0597368291644715,2011-03-31,Q1 2011
191.50459951487147,^FCHI,0,-0.0017472189328543,-0.0270550951809855,2011-06-30,Q2 2011
213.1503759800433,^FCHI,1,-0.2511796238299095,0.601452663901259,2011-09-30,Q3 2011
402.3740397904917,^FCHI,0,0.0596420139726945,-0.2317259061105316,2011-12-31,Q4 2011
415.9818605404021,^FCHI,0,0.0835493257836805,-0.0438938677346111,2012-03-31,Q1 2012
306.1395301302795,^FCHI,0,-0.0663471840909599,0.1601918728620288,2012-06-30,Q2 2012
183.63877802629625,^FCHI,0,0.0494799777415901,-0.130044426892272,2012-09-30,Q3 2012
178.67429636664434,^FCHI,0,0.0791189769442477,-0.101888672815711,2012-12-31,Q4 2012
211.8581489604511,^FCHI,0,0.0307078024652993,-0.2725654748084144,2013-03-31,Q1 2013
245.2187138567398,^FCHI,0,0.002007276155242,0.0027903535119135,2013-06-30,Q2 2013
199.18445688013716,^FCHI,0,0.1081946446440726,-0.0914164975953691,2013-09-30,Q3 2013
215.5099715701756,^FCHI,0,0.0368076419745302,-0.0764183442662613,2013-12-31,Q4 2013
210.12010977118587,^FCHI,0,0.0222418325034956,0.4082887040702632,2014-03-31,Q1 2014
200.9652924857783,^FCHI,0,0.0071364781395877,-0.0808947080918934,2014-06-30,Q2 2014
143.7644314279194,^FCHI,0,-0.001492165578712,-0.0162284263437599,2014-09-30,Q3 2014
132.52345760538196,^FCHI,0,-0.0324914920293748,0.2711145455485002,2014-12-31,Q4 2014
170.7792754876856,^FCHI,0,0.1780797230633082,-0.0373909203310016,2015-03-31,Q1 2015
331.53548913280554,^FCHI,0,-0.048362603363406,-0.0326998884088144,2015-06-30,Q2 2015
375.110823071331,^FCHI,1,-0.0699156909094801,-0.0128371121976966,2015-09-30,Q3 2015
306.9900560238364,^FCHI,0,0.0497947598722288,-0.0248520583235117,2015-12-31,Q4 2015
280.4942242794139,^FCHI,0,-0.0624484342113189,0.0547952290547075,2016-03-31,Q1 2016
292.097848930656,^FCHI,0,-0.0336552011039793,-0.1049106164897567,2016-06-30,Q2 2016
238.99734128387712,^FCHI,0,0.0497417772184809,-0.1978216335947772,2016-09-30,Q3 2016
173.77170843703243,^FCHI,0,0.0930814104356996,0.0909637597262407,2016-12-31,Q4 2016
204.31017746547508,^FCHI,0,0.0535135982476822,-0.0648359975763721,2017-03-31,Q1 2017
308.90820529420324,^FCHI,0,-0.0003571666873194,0.0420925561911764,2017-06-30,Q2 2017
310.9576177989861,^FCHI,0,0.040840254738345,-0.200780086694893,2017-09-30,Q3 2017
230.5823376788764,^FCHI,0,-0.0032365130859,-0.050949553958858,2017-12-31,Q4 2017
161.61325985557798,^FCHI,0,-0.0273427975033002,0.1649588097699581,2018-03-31,Q1 2018
133.43257571315223,^FCHI,0,0.0302343557319872,-0.0518939274197793,2018-06-30,Q2 2018
127.45997185763832,^FCHI,0,0.0319262699896327,-0.0493115544550659,2018-09-30,Q3 2018
151.62595748738715,^FCHI,0,-0.1388553106357773,0.1794431435116541,2018-12-31,Q4 2018
246.95964153991648,^FCHI,0,0.1310252524319413,-0.118324184412455,2019-03-31,Q1 2019
251.24654054292648,^FCHI,0,0.0352190226489874,-0.0165376109880852,2019-06-30,Q2 2019
262.25429998161144,^FCHI,0,0.0250623886452268,-0.0205512776183919,2019-09-30,Q3 2019
297.7242234216421,^FCHI,0,0.0536177233900527,-0.0212457097696958,2019-12-31,Q4 2019
151.38852545512665,^FTLC,0,0.1549176439326995,0.0,1998-03-31,Q1 1998
208.353498463738,^FTLC,0,-0.0141289654448109,0.0,1998-06-30,Q2 1998
206.82289743957048,^FTLC,0,-0.1394381570612552,0.0,1998-09-30,Q3 1998
188.67607335084068,^FTLC,0,0.1456671822080708,0.0,1998-12-31,Q4 1998
166.48153076759533,^FTLC,0,0.0789208110428636,0.0,1999-03-31,Q1 1999
199.5740537454649,^FTLC,0,0.0136734912917979,0.0,1999-06-30,Q2 1999
226.1773363287401,^FTLC,0,-0.0431714462809318,0.0,1999-09-30,Q3 1999
135.12734111234113,^FTLC,0,0.1467668743948973,0.0,1999-12-31,Q4 1999
109.01483764543488,^FTLC,0,-0.0467388037270815,0.0,2000-03-31,Q1 2000
107.66799526405728,^FTLC,0,-0.0271795526318382,0.0,2000-06-30,Q2 2000
107.40219927008783,^FTLC,0,-0.0009075450633038,0.0,2000-09-30,Q3 2000
85.77791361376006,^FTLC,0,-0.0126195952453366,0.0,2000-12-31,Q4 2000
83.1822796869796,^FTLC,0,-0.0912406973328544,0.0,2001-03-31,Q1 2001
131.5302040199638,^FTLC,0,0.0057124441903109,0.0,2001-06-30,Q2 2001
163.24742181607797,^FTLC,1,-0.1379732018424336,0.0,2001-09-30,Q3 2001
211.6554362832594,^FTLC,0,0.0751908153680211,0.0,2001-12-31,Q4 2001
171.97305401229653,^FTLC,0,0.0141571641809277,0.0,2002-03-31,Q1 2002
124.78805384178672,^FTLC,0,-0.115844994836977,0.0,2002-06-30,Q2 2002
170.68907789881462,^FTLC,1,-0.2031750425302929,0.0,2002-09-30,Q3 2002
265.6483102272267,^FTLC,0,0.0521144353033631,0.0,2002-12-31,Q4 2002
281.60712963808635,^FTLC,1,-0.0830710500119197,0.0,2003-03-31,Q1 2003
184.0045103566177,^FTLC,0,0.1317314606955364,0.0,2003-06-30,Q2 2003
107.96927698102505,^FTLC,0,0.0258055627209687,0.0,2003-09-30,Q3 2003
133.89280922356753,^FTLC,0,0.0899132331052352,0.0,2003-12-31,Q4 2003
136.7357345882994,^FTLC,0,-0.0071155382482981,0.0,2004-03-31,Q1 2004
89.47112392533143,^FTLC,0,0.015676788707813,0.0,2004-06-30,Q2 2004
54.2119599880911,^FTLC,0,0.0203297986991943,0.0,2004-09-30,Q3 2004
55.09607699836769,^FTLC,0,0.0606388260314669,0.0,2004-12-31,Q4 2004
94.4528942729073,^FTLC,0,0.0182151390268439,0.0,2005-03-31,Q1 2005
117.75788025515249,^FTLC,0,0.0431023945557627,0.0,2005-06-30,Q2 2005
114.82894794888584,^FTLC,0,0.0722069530248465,0.0,2005-09-30,Q3 2005
118.54490371948192,^FTLC,0,0.0365346918871336,0.0,2005-12-31,Q4 2005
155.15551276135847,^FTLC,0,0.0698035538993515,inf,2006-03-31,Q1 2006
178.15404380747316,^FTLC,0,-0.0251702224847621,-0.1005714976158139,2006-06-30,Q2 2006
142.6334730367486,^FTLC,0,0.027409067332514,-0.1480423201412769,2006-09-30,Q3 2006
112.66946328649227,^FTLC,0,0.0544511398198108,0.0939040378115256,2006-12-31,Q4 2006
119.80869612551088,^FTLC,0,0.0188835058973235,0.194511825859728,2007-03-31,Q1 2007
152.48439290039406,^FTLC,0,0.038086669665617,-0.0368801220721186,2007-06-30,Q2 2007
135.6187627605153,^FTLC,0,-0.0244113823486927,0.0483365577123635,2007-09-30,Q3 2007
99.64762550567444,^FTLC,0,-0.0062185371631625,-0.2262733471636958,2007-12-31,Q4 2007
128.14572755101943,^FTLC,0,-0.1095649437341701,0.0175531352735622,2008-03-31,Q1 2008
168.95486858516526,^FTLC,0,-0.0232573700312506,-0.1502946869942878,2008-06-30,Q2 2008
200.1070834516115,^FTLC,1,-0.1296423667788753,0.2492210980042519,2008-09-30,Q3 2008
327.9564243301999,^FTLC,1,-0.1071877716718059,-0.1571691140731799,2008-12-31,Q4 2008
409.50607989731617,^FTLC,1,-0.1028614429624188,-0.0718882885975903,2009-03-31,Q1 2009
375.4463075482382,^FTLC,0,0.0912620143088862,-0.0558265559232272,2009-06-30,Q2 2009
235.34389394098645,^FTLC,0,0.2112587694916685,-0.1051177475937081,2009-09-30,Q3 2009
240.2583882030169,^FTLC,0,0.0498586587769984,-0.0175003254120627,2009-12-31,Q4 2009
284.4301850943648,^FTLC,0,0.0544321117079338,0.0878189731026226,2010-03-31,Q1 2010
235.26882119233576,^FTLC,0,-0.1273594289008259,0.0246981887504711,2010-06-30,Q2 2010
131.25250380910623,^FTLC,0,0.1279347828231816,-0.2224077899785553,2010-09-30,Q3 2010
124.08775733752226,^FTLC,0,0.0676994116332763,-0.1227678309627129,2010-12-31,Q4 2010
164.64817830640723,^FTLC,0,0.0016938475001997,0.0927846778238947,2011-03-31,Q1 2011
178.0766292753975,^FTLC,0,0.0093162590425228,-0.0972532968856606,2011-06-30,Q2 2011
132.5075642827846,^FTLC,1,-0.1428480803994783,0.2266542257205144,2011-09-30,Q3 2011
164.4671107914587,^FTLC,0,0.0790307556312335,-0.1401988224760745,2011-12-31,Q4 2011
164.37882123024207,^FTLC,0,0.0486688373619026,0.1083553537885035,2012-03-31,Q1 2012
149.63027438554994,^FTLC,0,-0.0366978769560869,-0.0588502309881968,2012-06-30,Q2 2012
127.91307935708946,^FTLC,0,0.0362012388833909,-0.1985512830461082,2012-09-30,Q3 2012
101.75095193003858,^FTLC,0,0.0307898424042627,-0.0474185831353392,2012-12-31,Q4 2012
126.42837351398008,^FTLC,0,0.0923662013481945,0.0566484655930341,2013-03-31,Q1 2013
190.51567618336404,^FTLC,0,-0.0275764353544158,0.0483322428243304,2013-06-30,Q2 2013
181.08897059189272,^FTLC,0,0.0455047257063516,-0.0618707301921318,2013-09-30,Q3 2013
145.2430499395579,^FTLC,0,0.0479735165816608,-0.1340183197469402,2013-12-31,Q4 2013
98.5169101121263,^FTLC,0,-0.0156764817491213,0.2915243536951717,2014-03-31,Q1 2014
91.39619867265944,^FTLC,0,0.0131335196840449,-0.1433142596823723,2014-06-30,Q2 2014
68.96565012375261,^FTLC,0,-0.018557939224428,-0.0582665291002115,2014-09-30,Q3 2014
72.1791863164654,^FTLC,0,-0.0002502370157301,-0.0312257318194937,2014-12-31,Q4 2014
82.92942736109606,^FTLC,0,0.0364642315620795,0.0,2015-03-31,Q1 2015
111.3801716764118,^FTLC,0,-0.0268623486847631,0.0,2015-06-30,Q2 2015
127.99716108734576,^FTLC,1,-0.0666244090127967,inf,2015-09-30,Q3 2015
152.8824783725809,^FTLC,0,0.0324401129825731,0.0,2015-12-31,Q4 2015
191.0655140755005,^FTLC,0,-0.0140506789687365,0.0,2016-03-31,Q1 2016
160.8558275455749,^FTLC,0,0.0372961060086485,inf,2016-06-30,Q2 2016
135.16599618479543,^FTLC,0,0.0667338220199151,0.0,2016-09-30,Q3 2016
191.97065872227577,^FTLC,0,0.0312926376781153,0.0,2016-12-31,Q4 2016
208.8393829625155,^FTLC,0,0.0292240374167229,0.0,2017-03-31,Q1 2017
193.01504968771724,^FTLC,0,0.0020757925520278,inf,2017-06-30,Q2 2017
141.9705688352242,^FTLC,0,0.0115166942817508,0.0,2017-09-30,Q3 2017
108.00370683915058,^FTLC,0,0.0427383271180656,inf,2017-12-31,Q4 2017
77.3302030901792,^FTLC,0,-0.0785129878017594,68.77532704851572,2018-03-31,Q1 2018
93.04201381807698,^FTLC,0,0.0785547187027566,0.1075232156485044,2018-06-30,Q2 2018
109.42226488114537,^FTLC,0,-0.0164909223195358,-0.4196714344058971,2018-09-30,Q3 2018
131.83214801356132,^FTLC,0,-0.1096706825939602,0.353627196144165,2018-12-31,Q4 2018
179.1441822977558,^FTLC,0,0.0835259122461955,0.1194985935876191,2019-03-31,Q1 2019
173.98125906359925,^FTLC,0,0.0197862197206248,0.0790934997768226,2019-06-30,Q2 2019
147.68813330483653,^FTLC,0,0.0019207621219394,-0.0181506291355927,2019-09-30,Q3 2019
122.254190494206,^FTLC,0,0.0442633467458224,-0.0312375486091123,2019-12-31,Q4 2019
398.23609021657927,^GDAXI,0,0.2066496782126661,0.0,1998-03-31,Q1 1998
508.6195491140353,^GDAXI,0,0.1460748596056698,0.0,1998-06-30,Q2 1998
700.664398214206,^GDAXI,1,-0.2415201919614632,0.0,1998-09-30,Q3 1998
633.0093055415269,^GDAXI,1,0.1299190567330181,0.0,1998-12-31,Q4 1998
494.8599175556064,^GDAXI,0,-0.0282228770692415,0.0,1999-03-31,Q1 1999
469.3098244732028,^GDAXI,0,0.105492603275789,0.0,1999-06-30,Q2 1999
359.437936931272,^GDAXI,0,-0.0425191206086057,0.0,1999-09-30,Q3 1999
292.82696027807293,^GDAXI,0,0.3511397524114303,inf,1999-12-31,Q4 1999
701.6761065405244,^GDAXI,0,0.0921582473764885,1.1604538300070528,2000-03-31,Q1 2000
980.229043866166,^GDAXI,0,-0.0922679535023851,-0.3346111980563757,2000-06-30,Q2 2000
865.3414261810142,^GDAXI,0,-0.0145095386073748,0.1445826872327174,2000-09-30,Q3 2000
483.1866902905203,^GDAXI,0,-0.0536192723315771,0.0574350160750662,2000-12-31,Q4 2000
417.5613301960437,^GDAXI,0,-0.0938290758682829,0.3355499896378657,2001-03-31,Q1 2001
478.1693307223295,^GDAXI,0,0.0391820993056966,0.0694288830666407,2001-06-30,Q2 2001
504.0568295738291,^GDAXI,1,-0.2888940631527773,0.2173690902723581,2001-09-30,Q3 2001
729.7988472353779,^GDAXI,0,0.1977531456946324,-0.0507054996649787,2001-12-31,Q4 2001
643.021457601818,^GDAXI,0,0.0459661512213653,0.0668648253948827,2002-03-31,Q1 2002
517.0848438284056,^GDAXI,0,-0.1880073098026443,0.0261155979323097,2002-06-30,Q2 2002
505.3067548099496,^GDAXI,1,-0.3681706600079349,0.2679101464068205,2002-09-30,Q3 2002
817.1545171971285,^GDAXI,1,0.0446365161113873,-0.0722974759688045,2002-12-31,Q4 2002
899.3072931842086,^GDAXI,1,-0.1620531435460472,0.2079605501688057,2003-03-31,Q1 2003
651.0972870154962,^GDAXI,0,0.3286933385118631,-0.0573758465628445,2003-06-30,Q2 2003
343.0647754525786,^GDAXI,0,0.0112401959565464,-0.0163518643374676,2003-09-30,Q3 2003
368.9273925135365,^GDAXI,0,0.2175092810813619,-0.0846949793370039,2003-12-31,Q4 2003
462.3515710248262,^GDAXI,0,-0.0273532375343222,0.1855589221051929,2004-03-31,Q1 2004
330.5075585625244,^GDAXI,0,0.050828436689069,-0.1674276980324802,2004-06-30,Q2 2004
218.13331370623348,^GDAXI,0,-0.0394376331251443,-0.0247860232961419,2004-09-30,Q3 2004
131.15431832105858,^GDAXI,0,0.0932929653707752,0.0373251176851956,2004-12-31,Q4 2004
169.17737878851634,^GDAXI,0,0.0217782418809855,0.1015107241185404,2005-03-31,Q1 2005
212.2607497228585,^GDAXI,0,0.0546153888474887,0.0257225673502969,2005-06-30,Q2 2005
272.5139495313386,^GDAXI,0,0.0998282602629425,0.0464817534264452,2005-09-30,Q3 2005
313.76289117896107,^GDAXI,0,0.0721909153584028,-0.0832879158026153,2005-12-31,Q4 2005
427.5142138367104,^GDAXI,0,0.1038819022841581,0.1895141977855123,2006-03-31,Q1 2006
477.6434426126567,^GDAXI,0,-0.0480345348435116,0.115399095027342,2006-06-30,Q2 2006
369.6037071597895,^GDAXI,0,0.0564846922342086,-0.14405457894549,2006-09-30,Q3 2006
300.49871412782653,^GDAXI,0,0.0986937486846244,-0.0138012649149483,2006-12-31,Q4 2006
398.2176579600073,^GDAXI,0,0.0485241396094235,0.3528452439018787,2007-03-31,Q1 2007
589.9054902565873,^GDAXI,0,0.157624019691549,-0.0361743170413794,2007-06-30,Q2 2007
670.0963138929397,^GDAXI,0,-0.0182095959440431,0.0711459420557036,2007-09-30,Q3 2007
539.9719772636656,^GDAXI,0,0.0261794572199947,-0.0999451372340001,2007-12-31,Q4 2007
442.4967979760261,^GDAXI,1,-0.1899453155154159,0.3774282727228539,2008-03-31,Q1 2008
503.63663945759015,^GDAXI,0,-0.0178501793872045,-0.2686015876448526,2008-06-30,Q2 2008
576.8424373687026,^GDAXI,0,-0.0915036677467201,0.2695655889179793,2008-09-30,Q3 2008
804.9542289508825,^GDAXI,1,-0.1750671101796033,0.1418650651722535,2008-12-31,Q4 2008
983.5889981185394,^GDAXI,1,-0.1508128884643533,-0.265095542752763,2009-03-31,Q1 2009
986.507601112487,^GDAXI,0,0.17721484866247,-0.1951600446993935,2009-06-30,Q2 2009
644.9650062467417,^GDAXI,0,0.1802006377883236,-0.1540464451483941,2009-09-30,Q3 2009
550.7721854245864,^GDAXI,0,0.0497378068212557,0.0962950375268065,2009-12-31,Q4 2009
581.5702986527107,^GDAXI,0,0.0329201724769743,0.1091340326898493,2010-03-31,Q1 2010
412.5042718902506,^GDAXI,0,-0.0305563115801902,0.1831626310090002,2010-06-30,Q2 2010
260.2167383141085,^GDAXI,0,0.044170499660934,-0.2695151845202204,2010-09-30,Q3 2010
293.5146841149598,^GDAXI,0,0.1099964231494894,-0.069538963236969,2010-12-31,Q4 2010
437.87489313049247,^GDAXI,0,0.018385395579926,0.2039209923311309,2011-03-31,Q1 2011
481.5731162599063,^GDAXI,0,0.0475664575191481,0.2123538921724768,2011-06-30,Q2 2011
476.7336861336066,^GDAXI,1,-0.2540888251048884,0.478780754228487,2011-09-30,Q3 2011
687.843398117864,^GDAXI,0,0.0720335579874471,-0.2144063540648468,2011-12-31,Q4 2011
716.1865872024149,^GDAXI,0,0.1777581803571426,0.0497497440817846,2012-03-31,Q1 2012
633.1037783066218,^GDAXI,0,-0.0763730056733947,-0.1122676420612255,2012-06-30,Q2 2012
497.8423429827913,^GDAXI,0,0.1246625995078893,-0.0584517382583538,2012-09-30,Q3 2012
465.7799624642622,^GDAXI,0,0.0549102000010148,-0.2098426343683628,2012-12-31,Q4 2012
479.96466677527474,^GDAXI,0,0.0240292363620036,0.1796678441013508,2013-03-31,Q1 2013
559.3858644718125,^GDAXI,0,0.0210267654548648,-0.1817839998947081,2013-06-30,Q2 2013
427.0721204346519,^GDAXI,0,0.0798043223627176,-0.1581314204391649,2013-09-30,Q3 2013
463.3105011538367,^GDAXI,0,0.1114399751109744,-0.1662182982409432,2013-12-31,Q4 2013
593.4795014701073,^GDAXI,0,0.0003925813573746,0.1683644923532476,2014-03-31,Q1 2014
582.0713782132507,^GDAXI,0,0.0290040563084119,-0.1313840834631758,2014-06-30,Q2 2014
458.1352124155562,^GDAXI,0,-0.0364861123139151,0.005855799891024,2014-09-30,Q3 2014
303.91830564602225,^GDAXI,0,0.0349630059032026,0.2278072665527268,2014-12-31,Q4 2014
475.5079271145997,^GDAXI,0,0.2203466567631551,0.0144671606988946,2015-03-31,Q1 2015
961.1041854003606,^GDAXI,0,-0.0853406062240245,-0.0857218611133603,2015-06-30,Q2 2015
1022.285643702634,^GDAXI,1,-0.1173625262532758,0.1548002328288986,2015-09-30,Q3 2015
820.7064566125892,^GDAXI,0,0.1120621097782101,-0.1450721820168979,2015-12-31,Q4 2015
783.6002743726314,^GDAXI,0,-0.0723726420214015,0.1926775456410883,2016-03-31,Q1 2016
718.5175660535804,^GDAXI,0,-0.0286407748913685,-0.1093107171269462,2016-06-30,Q2 2016
536.48830855192,^GDAXI,0,0.0858390470452601,-0.0634692985674046,2016-09-30,Q3 2016
495.7918946446607,^GDAXI,0,0.0922879113846666,0.0438583947004869,2016-12-31,Q4 2016
654.5164660001794,^GDAXI,0,0.0724506777254148,-0.0248603662596865,2017-03-31,Q1 2017
853.7731975822502,^GDAXI,0,0.0009948939510779,-0.021665197262113,2017-06-30,Q2 2017
803.1518107409041,^GDAXI,0,0.0408710202890865,-0.0735803704293565,2017-09-30,Q3 2017
609.8084940079249,^GDAXI,0,0.0069202793110292,0.0036378497073141,2017-12-31,Q4 2017
453.2054512476006,^GDAXI,0,-0.0635494720420379,0.2925597855026391,2018-03-31,Q1 2018
407.69544464567446,^GDAXI,0,0.017299677114458,-0.0794732011058686,2018-06-30,Q2 2018
399.5929679212568,^GDAXI,0,-0.0048163116569153,-0.1443977280760885,2018-09-30,Q3 2018
517.8421350184686,^GDAXI,0,-0.1378139669293111,0.0511749590330525,2018-12-31,Q4 2018
695.6719730801165,^GDAXI,0,0.0915885732783037,-0.0581103195479496,2019-03-31,Q1 2019
654.0467295653838,^GDAXI,0,0.07572069528365,0.0653431966758288,2019-06-30,Q2 2019
548.4675900071915,^GDAXI,0,0.0023615409474093,-0.0120243939970032,2019-09-30,Q3 2019
616.2227162418446,^GDAXI,0,0.0660544253287311,-0.1452145952784884,2019-12-31,Q4 2019
75.0273561282452,^GSPC,0,0.1353214640060001,0.0542247030132427,1998-03-31,Q1 1998
77.30965571666897,^GSPC,0,0.0291263588112662,0.015093163285093,1998-06-30,Q2 1998
79.86070866839512,^GSPC,1,-0.1030391938690952,0.1885802750769869,1998-09-30,Q3 1998
69.09497637147834,^GSPC,0,0.2086704837369615,0.0142223550323474,1998-12-31,Q4 1998
73.90707457872966,^GSPC,0,0.0464843971887571,0.0458348540282942,1999-03-31,Q1 1999
102.82530701118208,^GSPC,0,0.0671190762751325,0.0350769890670563,1999-06-30,Q2 1999
116.2676913961082,^GSPC,0,-0.0655637407471961,-0.057295945159751,1999-09-30,Q3 1999
67.46718197946937,^GSPC,0,0.1454265147564322,0.1947319804211709,1999-12-31,Q4 1999
55.36589554798071,^GSPC,0,0.0199625360249702,0.2058670877426747,2000-03-31,Q1 2000
61.20758354082981,^GSPC,1,-0.0293477703949385,-0.099464431045497,2000-06-30,Q2 2000
63.31422226536174,^GSPC,0,-0.0124363853457549,-0.0235161652175969,2000-09-30,Q3 2000
49.22801233141261,^GSPC,0,-0.0809113613400532,0.1626011135971976,2000-12-31,Q4 2000
68.32806227962081,^GSPC,0,-0.1211485970346534,0.1025231651556113,2001-03-31,Q1 2001
104.5484650618334,^GSPC,0,0.0551998580178914,-0.0336032968598543,2001-06-30,Q2 2001
101.12368949890708,^GSPC,1,-0.1498228186878304,-0.0335509973231185,2001-09-30,Q3 2001
96.59913101796036,^GSPC,0,0.1029262211839978,0.1279008066147395,2001-12-31,Q4 2001
74.35563257369948,^GSPC,0,-0.0006009524011035,0.0116343415446655,2002-03-31,Q1 2002
62.23425860147056,^GSPC,0,-0.1373290732118655,0.037627766917202,2002-06-30,Q2 2002
81.49319401275132,^GSPC,1,-0.1763350677252704,0.161427337208158,2002-09-30,Q3 2002
114.6479522190673,^GSPC,0,0.0791629571535135,-0.0624671854129582,2002-12-31,Q4 2002
105.69975463301157,^GSPC,0,-0.0359619176479786,-0.0750771808679786,2003-03-31,Q1 2003
65.25061367805327,^GSPC,0,0.1489306614339167,0.0671144604694293,2003-06-30,Q2 2003
56.2189500570401,^GSPC,0,0.0220317811217289,-0.059519424362358,2003-09-30,Q3 2003
69.70144186844749,^GSPC,0,0.1164192462151547,-0.0205375921073257,2003-12-31,Q4 2003
84.10560457555948,^GSPC,0,0.0128515688425616,0.1158694032033957,2004-03-31,Q1 2004
64.20631491489901,^GSPC,0,0.0129904772557987,-0.062875846764156,2004-06-30,Q2 2004
46.2529742178228,^GSPC,0,-0.0230181362438007,-0.0651709435523433,2004-09-30,Q3 2004
29.296882705632896,^GSPC,0,0.087333427594717,0.1254078031957284,2004-12-31,Q4 2004
37.0900072143056,^GSPC,0,-0.0258516048822885,0.0723789234733993,2005-03-31,Q1 2005
41.04771111191713,^GSPC,0,0.0090971383336402,0.2331415295967271,2005-06-30,Q2 2005
38.04741175155189,^GSPC,0,0.0314607236631443,0.0096844905317909,2005-09-30,Q3 2005
26.169229676891103,^GSPC,0,0.0158527189230879,0.0996241558957602,2005-12-31,Q4 2005
36.25325116542754,^GSPC,0,0.0373150106121733,0.0462766987779759,2006-03-31,Q1 2006
39.623943955379616,^GSPC,0,-0.0190521396266347,0.0665695505622143,2006-06-30,Q2 2006
34.52947010400664,^GSPC,0,0.051684795258805,-0.0436687167512642,2006-09-30,Q3 2006
39.87984315248191,^GSPC,0,0.0617210575656317,0.0951830722991033,2006-12-31,Q4 2006
61.34224954807073,^GSPC,0,0.0018049329727884,0.102914398296029,2007-03-31,Q1 2007
76.71800749439616,^GSPC,0,0.0580563821099968,0.0633531766396386,2007-06-30,Q2 2007
68.89645654603795,^GSPC,0,0.0155652541284954,0.1719876087829739,2007-09-30,Q3 2007
49.93846047120248,^GSPC,0,-0.03824464689598,0.0344479034171767,2007-12-31,Q4 2007
56.80037906637131,^GSPC,0,-0.0991991307532211,0.1898331595411888,2008-03-31,Q1 2008
74.679216737614,^GSPC,0,-0.0322824168353859,-0.0244910226711527,2008-06-30,Q2 2008
86.35959172433577,^GSPC,1,-0.0887812614440918,0.3326113600205476,2008-09-30,Q3 2008
150.11753467473034,^GSPC,1,-0.2255821432970853,0.1056609193520698,2008-12-31,Q4 2008
216.42475168340957,^GSPC,1,-0.116667594666828,0.0259001449940314,2009-03-31,Q1 2009
215.067658566422,^GSPC,0,0.1522177960698889,-0.0384087915439558,2009-06-30,Q2 2009
135.7916894617369,^GSPC,0,0.1498498320856021,-0.1256327823977135,2009-09-30,Q3 2009
100.56189228154408,^GSPC,0,0.0548870680963402,-0.1405493378843074,2009-12-31,Q4 2009
114.04464817191192,^GSPC,0,0.0487221588328452,-0.0302714219150328,2010-03-31,Q1 2010
86.65538691452197,^GSPC,0,-0.1186219666009427,0.2697743603185287,2010-06-30,Q2 2010
50.595757400270855,^GSPC,0,0.1071979455150282,-0.2662978379484735,2010-09-30,Q3 2010
46.2886846256032,^GSPC,0,0.1020330077625684,-0.0093574995498947,2010-12-31,Q4 2010
73.18667519626915,^GSPC,0,0.0542205564485891,-0.0651046231783081,2011-03-31,Q1 2011
95.93368038775014,^GSPC,0,-0.0039144849477483,0.0178511711100182,2011-06-30,Q2 2011
78.42998723953718,^GSPC,1,-0.1432789924614669,0.1921382897277661,2011-09-30,Q3 2011
63.52737179948495,^GSPC,0,0.1115235073975089,-0.1205132624419379,2011-12-31,Q4 2011
65.57350868002493,^GSPC,0,0.1199666014997293,-0.0592350703270154,2012-03-31,Q1 2012
78.04930298771083,^GSPC,0,-0.0328796051649713,0.0058370597370889,2012-06-30,Q2 2012
79.64570037299414,^GSPC,0,0.0576364067331522,-0.1237037162491022,2012-09-30,Q3 2012
63.2822919674228,^GSPC,0,-0.0100509499728392,-0.016616120605014,2012-12-31,Q4 2012
53.318191128799725,^GSPC,0,0.1002671494506539,0.0191732750222881,2013-03-31,Q1 2013
83.70692261324797,^GSPC,0,0.0236364552893999,0.0694734496892335,2013-06-30,Q2 2013
97.09404796900004,^GSPC,0,0.0468598364907757,-0.1287047023607475,2013-09-30,Q3 2013
103.05326378469358,^GSPC,0,0.0992001020960913,0.0308933352969931,2013-12-31,Q4 2013
95.77094516970162,^GSPC,0,0.012973652675233,0.0596786864346967,2014-03-31,Q1 2014
90.74829773096025,^GSPC,0,0.0469412693489832,-0.0872700441732032,2014-06-30,Q2 2014
91.77585391284848,^GSPC,0,0.006152369218874,-0.0359742496353452,2014-09-30,Q3 2014
76.6903906728936,^GSPC,0,0.0439133502506654,0.2440205551964045,2014-12-31,Q4 2014
75.67493040283603,^GSPC,0,0.0043664047116331,-0.0641717429845367,2015-03-31,Q1 2015
66.43304071725267,^GSPC,0,-0.0023114311711688,-0.0552954476236688,2015-06-30,Q2 2015
60.682928901693614,^GSPC,1,-0.0693516442046795,0.1523980620789484,2015-09-30,Q3 2015
56.81298931861801,^GSPC,0,0.064535403206559,0.011961073940341,2015-12-31,Q4 2015
71.01024060422563,^GSPC,0,0.0077301923153643,0.133072438938183,2016-03-31,Q1 2016
74.56075504524138,^GSPC,0,0.0189927453819298,-0.1123250643880995,2016-06-30,Q2 2016
81.11831883216756,^GSPC,0,0.0330702898511108,-0.1000444824702974,2016-09-30,Q3 2016
89.86584401402126,^GSPC,0,0.0325420994424874,0.0654528556313622,2016-12-31,Q4 2016
95.42729118889808,^GSPC,0,0.0553368894712553,-0.0642321051656349,2017-03-31,Q1 2017
103.32104499294668,^GSPC,0,0.0256864724380305,0.0210687635927488,2017-06-30,Q2 2017
111.49227077965077,^GSPC,0,0.0395930522661696,-0.1123545567627056,2017-09-30,Q3 2017
107.28864160164886,^GSPC,0,0.0612258642762459,0.0462255110167704,2017-12-31,Q4 2017
130.6635699882807,^GSPC,0,-0.012245611334087,0.1143575464556969,2018-03-31,Q1 2018
124.63511580698648,^GSPC,0,0.0293463883345148,-0.0425481363371372,2018-06-30,Q2 2018
109.5322355736308,^GSPC,0,0.071958510007325,-0.1188989382675106,2018-09-30,Q3 2018
93.3572619584829,^GSPC,0,-0.1397160878047653,0.3001237561082928,2018-12-31,Q4 2018
106.1026160244626,^GSPC,0,0.1306619031563709,-0.1014941266358042,2019-03-31,Q1 2019
111.17120028334487,^GSPC,0,0.0378775441436824,-0.052313573801593,2019-06-30,Q2 2019
130.09465466750677,^GSPC,0,0.0118908341783927,0.029534190084218,2019-09-30,Q3 2019
149.27280928333903,^GSPC,0,0.0821536478262821,-0.0243754134401835,2019-12-31,Q4 2019
2051.0878967287217,^HSI,1,0.0742250536354385,0.0,1998-03-31,Q1 1998
2302.184534737854,^HSI,0,-0.2583278091696849,0.0,1998-06-30,Q2 1998
2224.3305755354645,^HSI,1,-0.0772131519704659,0.0,1998-09-30,Q3 1998
1409.9876603407777,^HSI,0,0.2746408465211543,0.0,1998-12-31,Q4 1998
1298.1382238876008,^HSI,0,0.088929989136758,0.0,1999-03-31,Q1 1999
1560.9540838754035,^HSI,0,0.2366927498031426,0.0,1999-06-30,Q2 1999
1970.574219967501,^HSI,0,-0.0590371836840115,0.0,1999-09-30,Q3 1999
1655.3585296536742,^HSI,0,0.3321118032143662,0.0,1999-12-31,Q4 1999
1825.4549364426143,^HSI,1,0.0262019126971377,0.0,2000-03-31,Q1 2000
1650.9063672429277,^HSI,1,-0.0718556850716573,0.0,2000-06-30,Q2 2000
1578.6559884669414,^HSI,1,-0.031369565326458,0.0,2000-09-30,Q3 2000
1153.2824561482514,^HSI,0,-0.0353665337123849,0.0,2000-12-31,Q4 2000
1109.6635658023697,^HSI,0,-0.1546743031020603,0.0,2001-03-31,Q1 2001
1392.163461056658,^HSI,0,0.0220906343855982,0.0,2001-06-30,Q2 2001
1577.7298964169688,^HSI,0,-0.2370575351028198,inf,2001-09-30,Q3 2001
1872.611803149364,^HSI,0,0.1453676361696045,0.5868215969924062,2001-12-31,Q4 2001
1560.516172688912,^HSI,0,-0.0319630892394768,-0.210144589766141,2002-03-31,Q1 2002
1080.4379865493286,^HSI,0,-0.0393703679772272,-0.0794275233465386,2002-06-30,Q2 2002
675.3482153810168,^HSI,0,-0.1440140275677087,-0.1248034440628945,2002-09-30,Q3 2002
745.9701539185139,^HSI,0,0.0274552814801984,0.2691338822927684,2002-12-31,Q4 2002
778.9863602040031,^HSI,0,-0.073685062997898,-0.2780001182704414,2003-03-31,Q1 2003
740.2935399913416,^HSI,0,0.1091754426224798,0.3216387562552751,2003-06-30,Q2 2003
519.5858741925329,^HSI,0,0.1725727546252558,0.2677290337600684,2003-09-30,Q3 2003
990.890513781752,^HSI,0,0.1198651719435131,-0.0133017117467338,2003-12-31,Q4 2003
1535.7073067432086,^HSI,0,0.00840728315935,0.0739411783256598,2004-03-31,Q1 2004
1364.0734467015493,^HSI,0,-0.0312198570309786,-0.0918387463915855,2004-06-30,Q2 2004
833.1705055423798,^HSI,0,0.0679063364823067,-0.0362855639120017,2004-09-30,Q3 2004
650.4633896542107,^HSI,0,0.0846117998102109,0.1668071185200874,2004-12-31,Q4 2004
778.0756018413476,^HSI,0,-0.0501231739987398,-0.0143063408408088,2005-03-31,Q1 2005
751.1933629136782,^HSI,0,0.0506166876847056,-0.0780961003594188,2005-06-30,Q2 2005
595.4282325383374,^HSI,0,0.0864343927902056,0.2120614374896809,2005-09-30,Q3 2005
593.2502411548286,^HSI,0,-0.0357837213500464,-0.1501821301816811,2005-12-31,Q4 2005
670.9587118915508,^HSI,0,0.0624215871058611,0.3354690759831493,2006-03-31,Q1 2006
752.8608477652833,^HSI,0,0.029267883977625,-0.0464797316567331,2006-06-30,Q2 2006
748.7494055276027,^HSI,0,0.0784030272943827,-0.0103469136966038,2006-09-30,Q3 2006
1065.225516914821,^HSI,0,0.1380415500172456,1.2726762903038935,2006-12-31,Q4 2006
1503.3220776298976,^HSI,0,-0.0082040223883202,0.340151291382303,2007-03-31,Q1 2007
1629.293455374044,^HSI,0,0.0995812223147667,0.2361378901622053,2007-06-30,Q2 2007
1691.2182557639132,^HSI,0,0.2466268639150284,0.594643399530064,2007-09-30,Q3 2007
3010.435833801845,^HSI,0,0.0246911821267192,0.1276498902385459,2007-12-31,Q4 2007
3371.7274139714405,^HSI,1,-0.178460200741892,-0.0419935368389157,2008-03-31,Q1 2008
2781.6759020441827,^HSI,0,-0.0327009032558067,-0.2068626592341594,2008-06-30,Q2 2008
2615.839951628429,^HSI,1,-0.1848609638422834,0.1242362817166828,2008-09-30,Q3 2008
3931.278657925623,^HSI,1,-0.2014147414979998,0.197500491429303,2008-12-31,Q4 2008
4512.885562665056,^HSI,1,-0.0564004892491437,-0.0594426699764398,2009-03-31,Q1 2009
4164.130679506795,^HSI,0,0.3537642919888901,0.076507379811898,2009-06-30,Q2 2009
2952.5040890961063,^HSI,0,0.1401902887487764,-0.2723613898663293,2009-09-30,Q3 2009
3284.642266852819,^HSI,0,0.0437718471504753,-0.1893262287646626,2009-12-31,Q4 2009
3032.1704867049434,^HSI,0,-0.0289473261229854,0.0542857015706936,2010-03-31,Q1 2010
1525.798056348773,^HSI,0,-0.0522784075511375,-0.1026012087131464,2010-06-30,Q2 2010
889.437841360872,^HSI,0,0.1107447349094119,-0.118258096639048,2010-09-30,Q3 2010
1145.172881880534,^HSI,0,0.0302922510760756,0.3106058504471902,2010-12-31,Q4 2010
1439.820175515772,^HSI,0,0.0213614376618918,-0.101471542351143,2011-03-31,Q1 2011
1416.9952388662757,^HSI,0,-0.0480042071742781,-0.1220956913524532,2011-06-30,Q2 2011
1134.178702401251,^HSI,1,-0.2145579105788743,0.6080297313137357,2011-09-30,Q3 2011
1957.84041795614,^HSI,0,0.0478604387501091,-0.1689872255833887,2011-12-31,Q4 2011
2077.713261233118,^HSI,0,0.1150669689210299,-0.1280878776637155,2012-03-31,Q1 2012
1618.760821808654,^HSI,0,-0.0542003259645604,0.0300343032364922,2012-06-30,Q2 2012
1136.8359929364876,^HSI,0,0.0719554937960793,-0.1279614196160599,2012-09-30,Q3 2012
1064.068614954998,^HSI,0,0.08716438892156,-0.0059003573148507,2012-12-31,Q4 2012
1363.7732977128553,^HSI,0,-0.0157695337112014,0.1217231493535861,2013-03-31,Q1 2013
1517.8279981974686,^HSI,0,-0.0671016397675444,0.0685504417237199,2013-06-30,Q2 2013
1136.429724816007,^HSI,0,0.0988579405074543,-0.0762706917527392,2013-09-30,Q3 2013
850.0023380437513,^HSI,0,0.0195334206862329,-0.1110868662042127,2013-12-31,Q4 2013
843.3590844988212,^HSI,0,-0.0495713856647419,0.1562375591722393,2014-03-31,Q1 2014
829.7610685295871,^HSI,0,0.0469350058454276,-0.1517550556429214,2014-06-30,Q2 2014
769.0219031685305,^HSI,0,-0.0111139380993997,0.0806865578228337,2014-09-30,Q3 2014
899.3033822727227,^HSI,0,0.0293053314489928,0.2916534168967868,2014-12-31,Q4 2014
914.2590471309672,^HSI,0,0.0548972428755114,-0.1800489602210413,2015-03-31,Q1 2015
1317.418017492914,^HSI,0,0.0541803380526675,0.3950110630876633,2015-06-30,Q2 2015
1607.124945378794,^HSI,1,-0.2058560946546562,-0.0837598802905009,2015-09-30,Q3 2015
1975.1046714554416,^HSI,0,0.0512368894885988,-0.2361401433817714,2015-12-31,Q4 2015
2560.870193561997,^HSI,0,-0.0519156879310149,0.0506757830307496,2016-03-31,Q1 2016
2494.96051427781,^HSI,0,0.0008504681946328,-0.0122086801726224,2016-06-30,Q2 2016
1375.099356048496,^HSI,0,0.1203586044411624,0.0782080220029535,2016-09-30,Q3 2016
1425.8230389503751,^HSI,0,-0.0556544393631832,-0.1220716366683781,2016-12-31,Q4 2016
1373.8723942618294,^HSI,0,0.0959534322944719,0.1331682040423569,2017-03-31,Q1 2017
1317.5496781505242,^HSI,0,0.0685558374660006,-0.1066031153675597,2017-06-30,Q2 2017
1501.2859078659906,^HSI,0,0.069464384736646,0.2103593235770646,2017-09-30,Q3 2017
2115.572646004753,^HSI,0,0.0858250633231172,-0.0490321794934099,2017-12-31,Q4 2017
2393.506880021798,^HSI,0,0.0058233762147401,0.4383867120188109,2018-03-31,Q1 2018
2087.1850768517147,^HSI,0,-0.0378246462135342,-0.2876585018579126,2018-06-30,Q2 2018
1516.1860267058992,^HSI,0,-0.0402896023855893,-0.0400825095964765,2018-09-30,Q3 2018
1884.020224224496,^HSI,0,-0.0699144950962634,-0.0416933704601856,2018-12-31,Q4 2018
2042.0006338360795,^HSI,0,0.1240306996192397,0.0276370449220164,2019-03-31,Q1 2019
1619.3134035701726,^HSI,0,-0.0175117531612924,0.0425070441857131,2019-06-30,Q2 2019
1356.3175744478028,^HSI,0,-0.0858488002555937,-0.0964973215938724,2019-09-30,Q3 2019
1345.9131528306152,^HSI,0,0.0853555912827987,-0.1318022094981806,2019-12-31,Q4 2019
1614.057462357886,^N225,0,0.0831280740098368,0.0,1998-03-31,Q1 1998
1737.9305734919828,^N225,0,-0.0421669525949871,0.0,1998-06-30,Q2 1998
1196.8181777425891,^N225,0,-0.1531167790938493,0.0,1998-09-30,Q3 1998
1077.9976716817089,^N225,0,0.0325054160639206,0.0,1998-12-31,Q4 1998
1111.5341568318358,^N225,0,0.1440828954659188,0.0,1999-03-31,Q1 1999
1092.448661153538,^N225,0,0.1069138247141767,0.0,1999-06-30,Q2 1999
1522.8153408392504,^N225,0,0.0043195564858693,0.0,1999-09-30,Q3 1999
1598.443792025696,^N225,0,0.0754810630046873,0.0,1999-12-31,Q4 1999
1319.153453498767,^N225,0,0.0740971420354592,0.0,2000-03-31,Q1 2000
1094.3990068548703,^N225,0,-0.1438866815433602,0.0,2000-06-30,Q2 2000
1198.9372053221143,^N225,0,-0.0955594832574229,0.0,2000-09-30,Q3 2000
1633.545361593797,^N225,1,-0.1245657571623634,0.0,2000-12-31,Q4 2000
2049.711690059541,^N225,0,-0.0570149343178612,0.0,2001-03-31,Q1 2001
1616.9441058202403,^N225,0,-0.0023577767305781,0.0,2001-06-30,Q2 2001
1406.4572852257284,^N225,0,-0.2463071825071513,0.0,2001-09-30,Q3 2001
1483.0740205654906,^N225,0,0.0785642552225576,0.0,2001-12-31,Q4 2001
1417.565399237732,^N225,0,0.0457495676728101,0.0,2002-03-31,Q1 2002
1134.5343060896232,^N225,0,-0.0365626089780991,inf,2002-06-30,Q2 2002
712.2902762843054,^N225,1,-0.1166040745206938,2.932637928867664,2002-09-30,Q3 2002
929.5543321842872,^N225,0,-0.0857204499063276,-0.0130065192381438,2002-12-31,Q4 2002
1178.397324837399,^N225,0,-0.0706660163042147,0.0008094544277157,2003-03-31,Q1 2003
1067.245785824825,^N225,0,0.1392751518699959,0.3217728890326754,2003-06-30,Q2 2003
669.4740336271543,^N225,0,0.1250606245171943,0.3364499706285491,2003-09-30,Q3 2003
949.6666126872192,^N225,0,0.0447781205195909,-0.1744991025969744,2003-12-31,Q4 2003
1084.565156299368,^N225,0,0.0972918478289204,0.1420331011225983,2004-03-31,Q1 2004
961.3711586167072,^N225,1,0.0122471785451143,0.1327414717538271,2004-06-30,Q2 2004
612.1085527338771,^N225,0,-0.0873017238958542,-0.2245107959320174,2004-09-30,Q3 2004
491.370552350756,^N225,0,0.0614574889726342,-0.021009332566677,2004-12-31,Q4 2004
371.2585538442263,^N225,0,0.0156840628025525,0.2004382398120539,2005-03-31,Q1 2005
341.25144642137025,^N225,0,-0.0072791834968685,-0.1082779774562013,2005-06-30,Q2 2005
392.667830071127,^N225,0,0.1718135670921645,0.4874965707894569,2005-09-30,Q3 2005
926.076656995916,^N225,0,0.1869068695489084,0.4174611281352853,2005-12-31,Q4 2005
1749.916570992939,^N225,0,0.0588545204952035,-0.215575394839562,2006-03-31,Q1 2006
2045.5003765464048,^N225,0,-0.0911202482647638,-0.105658692185008,2006-06-30,Q2 2006
1440.526072473985,^N225,0,0.0401414497070786,-0.0831454903415414,2006-09-30,Q3 2006
799.2308439397963,^N225,0,0.0680976311808636,0.0528895527961907,2006-12-31,Q4 2006
795.0131459309104,^N225,0,0.0035888147171789,0.3785117860045814,2007-03-31,Q1 2007
920.7526190528343,^N225,0,0.0492090576308932,-0.1333983725891698,2007-06-30,Q2 2007
802.4800105910846,^N225,0,-0.074575097665083,-0.0222554865526882,2007-09-30,Q3 2007
746.1807775682565,^N225,1,-0.0880457835118805,0.0190421964952236,2007-12-31,Q4 2007
1362.026413615834,^N225,0,-0.1817533427235576,0.0990687856965482,2008-03-31,Q1 2008
1821.7263349766588,^N225,0,0.0763112680785891,-0.085134264960065,2008-06-30,Q2 2008
1493.1746447747564,^N225,0,-0.164784283994714,-0.011199881456602,2008-09-30,Q3 2008
1837.723561956844,^N225,1,-0.213173228291141,0.2215020730306209,2008-12-31,Q4 2008
2362.5359838537397,^N225,0,-0.0846576829473019,-0.0960710743970637,2009-03-31,Q1 2009
2421.4992015574394,^N225,0,0.2279923366106271,0.1989911328266376,2009-06-30,Q2 2009
1588.2434538531422,^N225,0,0.0175519490523261,-0.1707103103480803,2009-09-30,Q3 2009
971.2905362157068,^N225,0,0.0407777127157824,0.0497992333329542,2009-12-31,Q4 2009
904.420391710082,^N225,0,0.0515339752424983,-0.0478161467532045,2010-03-31,Q1 2010
548.7233863659428,^N225,0,-0.1539504014538795,0.0136894330776757,2010-06-30,Q2 2010
540.9741572434204,^N225,0,-0.0014164499075388,-0.1421852022316767,2010-09-30,Q3 2010
616.2331499134755,^N225,0,0.0917427941465554,0.0857685009487665,2010-12-31,Q4 2010
616.9677944038036,^N225,1,-0.0463216367044495,0.2839976376719015,2011-03-31,Q1 2011
524.501687168893,^N225,0,0.0062521385549345,-0.2155784177524123,2011-06-30,Q2 2011
504.6326874683848,^N225,0,-0.1136704963430974,0.0223655553694086,2011-09-30,Q3 2011
670.0921374088991,^N225,0,-0.0281531338136737,-0.2117867384561362,2011-12-31,Q4 2011
659.4068198322763,^N225,0,0.1925656579749459,0.329101141949184,2012-03-31,Q1 2012
570.3623980789722,^N225,0,-0.1067856335222333,-0.1274817603879199,2012-06-30,Q2 2012
501.264210377811,^N225,0,-0.0151685855588612,-0.0482757737569308,2012-09-30,Q3 2012
470.2859112946561,^N225,0,0.1719269443151436,0.1919594203678538,2012-12-31,Q4 2012
764.7354123046872,^N225,0,0.1926595334526293,0.5676035669940174,2013-03-31,Q1 2013
1686.8940501329043,^N225,0,0.1031956305639969,0.3074657603295072,2013-06-30,Q2 2013
2120.8695036635454,^N225,0,0.0569175448407119,-0.4375209970645415,2013-09-30,Q3 2013
1826.662359766888,^N225,0,0.1269739336753825,-0.0774103847020003,2013-12-31,Q4 2013
1213.481613642312,^N225,0,-0.08983191227637,0.0758291323958608,2014-03-31,Q1 2014
761.1264599339609,^N225,0,0.0225433883102785,-0.2255105060668837,2014-06-30,Q2 2014
620.18353485306,^N225,0,0.0667071149730227,-0.0703986753279837,2014-09-30,Q3 2014
720.5377080830805,^N225,0,0.0789716794499884,0.309208993875286,2014-12-31,Q4 2014
1206.4553665936369,^N225,0,0.1006385821542164,-0.0728728414442699,2015-03-31,Q1 2015
1733.387365356523,^N225,0,0.0535607204367631,0.1060765123550859,2015-06-30,Q2 2015
1822.3006248692443,^N225,1,-0.1407203996180178,0.0382919660352709,2015-09-30,Q3 2015
1313.8480886501764,^N225,0,0.094636894086344,-0.1853227962569789,2015-12-31,Q4 2015
1224.8840100238092,^N225,1,-0.1195269289890674,0.2931034482758621,2016-03-31,Q1 2016
1566.7887755443446,^N225,0,-0.0705754099528007,-0.1707581059015628,2016-06-30,Q2 2016
1396.194242086552,^N225,0,0.0561071144599079,-0.1014582442559128,2016-09-30,Q3 2016
1098.3452644883323,^N225,0,0.1619790418742204,0.0628373217125612,2016-12-31,Q4 2016
1143.8168875122035,^N225,0,-0.0107306379557182,-0.0936435935198821,2017-03-31,Q1 2017
1351.0734257677982,^N225,0,0.0594507630551788,-0.1244686520987429,2017-06-30,Q2 2017
1207.7365733663455,^N225,0,0.0161155435894455,-0.1872401710416914,2017-09-30,Q3 2017
1035.595904283974,^N225,0,0.1183251674396002,-0.014815220766884,2017-12-31,Q4 2017
1495.5904057783655,^N225,0,-0.0575726842838181,-0.0396439829408492,2018-03-31,Q1 2018
1356.2714012668876,^N225,0,0.0396288368026442,-0.1297690763052208,2018-06-30,Q2 2018
1089.3964616828332,^N225,0,0.081397408683379,-0.0045483792238911,2018-09-30,Q3 2018
743.7635248432331,^N225,1,-0.1702016120542923,0.0891766593857263,2018-12-31,Q4 2018
902.5590364003788,^N225,0,0.0595081054401036,-0.1919700411320523,2019-03-31,Q1 2019
903.394052067181,^N225,0,0.0033061398358258,-0.0271741883199108,2019-06-30,Q2 2019
897.8602218321843,^N225,0,0.0225569528197728,0.0243407179860983,2019-09-30,Q3 2019
809.1016451141139,^N225,0,0.087368693211862,-0.0145369523228626,2019-12-31,Q4 2019
634.6646775887201,^SSMI,0,0.2106775197510175,0.0,1998-03-31,Q1 1998
777.5110213974574,^SSMI,0,0.0390877331751366,0.0,1998-06-30,Q2 1998
903.8890868520292,^SSMI,1,-0.2691702737447665,0.0,1998-09-30,Q3 1998
781.6876727823609,^SSMI,1,0.2430908125665036,0.0,1998-12-31,Q4 1998
643.7868019735981,^SSMI,0,-0.0042593600022474,0.0,1999-03-31,Q1 1999
618.3941174154241,^SSMI,0,-0.0310370377979339,0.0,1999-06-30,Q2 1999
468.5046187548989,^SSMI,0,-0.0002171112653537,0.0,1999-09-30,Q3 1999
212.6084146477596,^SSMI,0,0.095940615091308,0.0,1999-12-31,Q4 1999
192.14287859183847,^SSMI,0,-0.0187580082387502,0.0,2000-03-31,Q1 2000
245.06742063562905,^SSMI,0,0.0448970794167444,0.0,2000-06-30,Q2 2000
374.50817752679546,^SSMI,0,-0.0062229813905685,0.0,2000-09-30,Q3 2000
400.96300556060106,^SSMI,0,0.0547236731806706,0.0,2000-12-31,Q4 2000
345.4297465994268,^SSMI,0,-0.1189370048517826,0.0,2001-03-31,Q1 2001
342.7630913210574,^SSMI,0,0.0101007830293546,0.0,2001-06-30,Q2 2001
465.8555038077992,^SSMI,1,-0.1693323343177368,0.0,2001-09-30,Q3 2001
700.2904943402134,^SSMI,0,0.067107777637593,0.0,2001-12-31,Q4 2001
591.6227735329493,^SSMI,0,0.0369909311368057,0.0,2002-03-31,Q1 2002
443.2984190794138,^SSMI,0,-0.1014995762976115,0.0,2002-06-30,Q2 2002
445.0659320795184,^SSMI,1,-0.200127122803012,0.0,2002-09-30,Q3 2002
685.8171869817476,^SSMI,0,-0.0318210736593141,inf,2002-12-31,Q4 2002
792.3431473750385,^SSMI,1,-0.1177333786874946,4.102111975924036,2003-03-31,Q1 2003
642.3382444392477,^SSMI,0,0.1782112982800086,-0.0571622707539324,2003-06-30,Q2 2003
360.74846098706206,^SSMI,0,0.0477387031521563,0.0323217049494177,2003-09-30,Q3 2003
392.602130489474,^SSMI,0,0.088093547077922,-0.101207772279844,2003-12-31,Q4 2003
472.0263796274523,^SSMI,0,0.0238347420868059,0.2568765008379241,2004-03-31,Q1 2004
367.0449708342722,^SSMI,0,8.899013834584579e-05,-0.1237651940610521,2004-06-30,Q2 2004
245.5763022765504,^SSMI,0,-0.0273709829502594,-0.2386701549697653,2004-09-30,Q3 2004
171.56226235750967,^SSMI,0,0.0416995222164269,0.164608629119769,2004-12-31,Q4 2004
153.61945428696595,^SSMI,0,0.0415407840733796,0.1618040254747728,2005-03-31,Q1 2005
208.364728711478,^SSMI,0,0.0545389971991165,0.0972502075571806,2005-06-30,Q2 2005
338.6753048421356,^SSMI,0,0.1032767418723321,-0.2134650709107671,2005-09-30,Q3 2005
479.58708041568354,^SSMI,0,0.0992911927548458,0.1145371678098352,2005-12-31,Q4 2005
647.9940295604936,^SSMI,0,0.0579385155397365,0.369478301803966,2006-03-31,Q1 2006
646.6539851358862,^SSMI,0,-0.0462652170637299,0.1078686431946982,2006-06-30,Q2 2006
450.7761021373536,^SSMI,0,0.1011226046566948,-0.3571667544850373,2006-09-30,Q3 2006
379.48319050882606,^SSMI,0,0.0427016446916257,0.1117695333163468,2006-12-31,Q4 2006
503.87286646707673,^SSMI,0,0.0217739964299676,0.3422202771595024,2007-03-31,Q1 2007
593.7197902514314,^SSMI,0,0.0258884249331625,0.0727818292616335,2007-06-30,Q2 2007
402.6001637565127,^SSMI,0,-0.0299585617871345,0.0269733871002531,2007-09-30,Q3 2007
281.91585739523737,^SSMI,0,-0.0502602563385011,-0.0010267164188413,2007-12-31,Q4 2007
495.1832722876911,^SSMI,1,-0.1485296947742943,0.2043224433950705,2008-03-31,Q1 2008
734.055066127682,^SSMI,0,-0.036791114190754,-0.1727205807015062,2008-06-30,Q2 2008
740.4244973510459,^SSMI,0,-0.0436328523107245,0.2961101372985952,2008-09-30,Q3 2008
728.9975126339317,^SSMI,1,-0.1683514421043325,-0.1011304621585257,2008-12-31,Q4 2008
841.6642298932784,^SSMI,0,-0.1096930783538751,-0.1041216266261358,2009-03-31,Q1 2009
919.1292069734412,^SSMI,0,0.0967116777026564,-0.1609059132755421,2009-06-30,Q2 2009
665.9458284094225,^SSMI,0,0.1700990058036575,-0.1181046452557312,2009-09-30,Q3 2009
525.8283881650857,^SSMI,0,0.0352243608875546,-0.0942117440931965,2009-12-31,Q4 2009
605.0203567580281,^SSMI,0,0.0500251230342418,0.180335622751997,2010-03-31,Q1 2010
457.5851244327516,^SSMI,0,-0.1084344427677527,-0.0708424119510416,2010-06-30,Q2 2010
244.68560584831175,^SSMI,0,0.0274589377261853,-0.1795025751999682,2010-09-30,Q3 2010
215.8292840621207,^SSMI,0,0.0221891100377482,-0.0671029347649537,2010-12-31,Q4 2010
207.91767764402735,^SSMI,0,-0.0121954235676932,0.2081925660037602,2011-03-31,Q1 2011
155.9319183532874,^SSMI,0,-0.026815359015049,-0.1746969700826512,2011-06-30,Q2 2011
298.59552713535595,^SSMI,1,-0.1059192167637286,0.5286832468585494,2011-09-30,Q3 2011
472.2211419195045,^SSMI,0,0.0731216089251975,-0.3344882696946186,2011-12-31,Q4 2011
424.5226359058192,^SSMI,0,0.050415800287545,-0.0537203597204648,2012-03-31,Q1 2012
351.35437863769056,^SSMI,0,-0.0270466904363585,-0.0040421943036003,2012-06-30,Q2 2012
309.8432303503396,^SSMI,0,0.0707153336650856,-0.1282603257469184,2012-09-30,Q3 2012
302.4667123398365,^SSMI,0,0.0502718745551002,-0.0848697859165638,2012-12-31,Q4 2012
436.6651121063672,^SSMI,0,0.1452896601482485,0.1343519245549429,2013-03-31,Q1 2013
635.8471070794795,^SSMI,0,-0.0167181214613111,0.0429783336944904,2013-06-30,Q2 2013
569.939931170834,^SSMI,0,0.044196054799577,-0.2549975639622074,2013-09-30,Q3 2013
426.8323495587457,^SSMI,0,0.0224840287310901,0.1244452664620938,2013-12-31,Q4 2013
261.7270222227997,^SSMI,0,0.0305791102033703,0.2133214205826492,2014-03-31,Q1 2014
264.8978399885448,^SSMI,0,0.0119116819411342,-0.1186163344904768,2014-06-30,Q2 2014
250.60263504722528,^SSMI,0,0.0328037262832101,0.0162821553380501,2014-09-30,Q3 2014
242.0047674239564,^SSMI,0,0.016777377002322,0.1622297894239206,2014-12-31,Q4 2014
267.5908271671747,^SSMI,1,0.0162088781451752,0.359910831081925,2015-03-31,Q1 2015
317.19112631143054,^SSMI,0,-0.0381280597205243,-0.2461071053775331,2015-06-30,Q2 2015
333.6853229347226,^SSMI,1,-0.0304638124340221,0.0490682428350384,2015-09-30,Q3 2015
323.40267015865373,^SSMI,0,0.0357882072997886,-0.0763158850109315,2015-12-31,Q4 2015
401.8121562396931,^SSMI,0,-0.1145599245336845,0.397227068183192,2016-03-31,Q1 2016
521.7307502436278,^SSMI,0,0.027185291020783,-0.0797722030203537,2016-06-30,Q2 2016
434.0501776006701,^SSMI,0,0.0148201548260979,-0.1344498204758868,2016-09-30,Q3 2016
298.9085565591592,^SSMI,0,0.0099349127094074,0.1128740979007432,2016-12-31,Q4 2016
216.82572305923296,^SSMI,0,0.0534095460136314,0.0041421322780084,2017-03-31,Q1 2017
318.44961619635103,^SSMI,0,0.0286410856436716,-0.0386737508111399,2017-06-30,Q2 2017
404.0543001244702,^SSMI,0,0.0281321900674895,-0.1823152896892514,2017-09-30,Q3 2017
385.6390654103712,^SSMI,0,0.0245057207137409,0.0112757501689424,2017-12-31,Q4 2017
280.78061901370216,^SSMI,0,-0.0683126479709921,0.1436259739480911,2018-03-31,Q1 2018
244.38775410479312,^SSMI,0,-0.0150635371124642,-0.0332939968311134,2018-06-30,Q2 2018
283.9297138185837,^SSMI,0,0.0556015518738084,-0.161245190626093,2018-09-30,Q3 2018
275.2878835980472,^SSMI,0,-0.0724792184740721,0.3440714153472044,2018-12-31,Q4 2018
223.36127197198968,^SSMI,0,0.1243923058092453,-0.0642934122412679,2019-03-31,Q1 2019
324.8542184991504,^SSMI,0,0.0443561399597003,-0.0309170054807607,2019-06-30,Q2 2019
424.3909356480609,^SSMI,0,0.0181931407867441,0.2883801511604931,2019-09-30,Q3 2019
476.06778624019967,^SSMI,0,0.0534434410185848,-0.1661560717933586,2019-12-31,Q4 2019
