volatility,index,crash_label,price_change,volume_change,date
-0.6281842537255706,000001.SS,0,0.1876020103532603,-0.12707443110483094,1998-03-31
-0.6281842537255706,000001.SS,0,0.5046262880032507,-0.12707443110483094,1998-06-30
-0.6253246367860713,000001.SS,1,-0.7949943451215824,-0.12707443110483094,1998-09-30
-0.63104387066507,000001.SS,0,-0.8427305080911127,-0.12707443110483094,1998-12-31
-0.6291568730787804,000001.SS,0,-0.08279134107294518,-0.12707443110483094,1999-03-31
-0.6230969042764374,000001.SS,0,3.8253577432063746,-0.12707443110483094,1999-06-30
-0.5737699249264596,000001.SS,0,-0.7807426432532985,-0.12707443110483094,1999-09-30
-0.5448139053286191,000001.SS,0,-1.3002640270154058,-0.12707443110483094,1999-12-31
-0.5503385147652767,000001.SS,0,2.5933296113884343,-0.12707443110483094,2000-03-31
-0.5623987055090987,000001.SS,0,0.44939189371560384,-0.12707443110483094,2000-06-30
-0.5482077739205885,000001.SS,0,-0.25000319260666903,-0.12707443110483094,2000-09-30
-0.5309864264938442,000001.SS,0,0.5752890641829088,-0.12707443110483094,2000-12-31
-0.580617839134569,000001.SS,0,-0.0039999704965048,-0.12707443110483094,2001-03-31
-0.6176352106064958,000001.SS,0,0.2646858325675081,-0.12707443110483094,2001-06-30
-0.6157066619432768,000001.SS,1,-1.9475101004779323,-0.12707443110483094,2001-09-30
-0.568753016383652,000001.SS,0,-0.7554318691266031,-0.12707443110483094,2001-12-31
-0.520096638384851,000001.SS,0,-0.39145991963826526,-0.12707443110483094,2002-03-31
-0.5127125119429063,000001.SS,0,0.530341087376451,-0.12707443110483094,2002-06-30
-0.5857867801916855,000001.SS,0,-0.9282738414325362,-0.12707443110483094,2002-09-30
-0.623343307359581,000001.SS,0,-1.4016645009800188,-0.12707443110483094,2002-12-31
-0.6137548150986691,000001.SS,0,0.8115437753269467,7.860461223703775,2003-03-31
-0.6174802292005761,000001.SS,0,-0.3104831102312682,-0.12707442709251282,2003-06-30
-0.6297319482610929,000001.SS,0,-0.8652818815889042,-0.1270744223984352,2003-09-30
-0.638826427799613,000001.SS,0,0.658016737017227,-0.12707443183999417,2003-12-31
-0.6264970594031147,000001.SS,0,1.2532084978819606,-0.1270744306799254,2004-03-31
-0.6028205059901864,000001.SS,0,-1.8806968928683876,-0.12707443144273153,2004-06-30
-0.5955422199793803,000001.SS,0,-0.1843024730106793,-0.127074431037547,2004-09-30
-0.58678043950076,000001.SS,0,-0.9804964383430497,-0.1270744311225899,2004-12-31
-0.5765425824086191,000001.SS,0,-0.7550084246454306,-0.12707443115768663,2005-03-31
-0.603897244779099,000001.SS,0,-0.90812887093398,-0.12707443093590168,2005-06-30
-0.6065107101956232,000001.SS,0,0.43240264170177767,-0.12707443056132497,2005-09-30
-0.6217303369157694,000001.SS,0,-0.12798313441822745,-0.1270744314319109,2005-12-31
-0.6331415453475122,000001.SS,0,0.8599664899094355,-0.1270744306120178,2006-03-31
-0.5972533572158493,000001.SS,0,2.338131411645685,-0.12707443023547677,2006-06-30
-0.539370226974173,000001.SS,0,0.24858309344109933,-0.1270744312923803,2006-09-30
-0.5067066280536493,000001.SS,0,4.416232303025991,-0.12707443062968724,2006-12-31
-0.3701801664320222,000001.SS,1,1.4855333260629617,-0.1270744305302471,2007-03-31
-0.17565626031301618,000001.SS,0,1.5718259528246112,-0.12707443081638786,2007-06-30
0.006165357801037492,000001.SS,0,3.7762927875552657,-0.12707443133599206,2007-09-30
0.11893317913011635,000001.SS,0,-0.6248138594984702,-0.12707443142621036,2007-12-31
-0.0503025027788087,000001.SS,1,-3.128583915796508,-0.1270744310327092,2008-03-31
-0.14597383586309712,000001.SS,1,-2.0154551632011986,-0.12707443112803396,2008-06-30
0.04529667812944601,000001.SS,1,-1.5762531172011298,-0.12707443118545256,2008-09-30
0.11931674510193215,000001.SS,1,-1.9639785153829181,-0.12707443070939453,2008-12-31
-0.11037220826359333,000001.SS,0,2.4720259920663996,-0.1270744307392177,2009-03-31
-0.3553527537667496,000001.SS,0,1.9810488655939442,-0.12707443098062413,2009-06-30
-0.38283042560828134,000001.SS,0,-0.6982746712772968,-0.1270744310097086,2009-09-30
-0.35417803915898577,000001.SS,0,1.3898410308947553,-0.1270744312510697,2009-12-31
-0.4304837759612595,000001.SS,0,-0.6153349104164004,-0.12707443132328047,2010-03-31
-0.5315013593141877,000001.SS,0,-2.1589520445794688,-0.12707443117966008,2010-06-30
-0.5024896545772688,000001.SS,0,0.7648647904912628,-0.1270744309249376,2010-09-30
-0.501457982564747,000001.SS,0,0.33063632391797976,-0.12707443083528236,2010-12-31
-0.5378219472426978,000001.SS,0,0.2031240397374751,-0.12707443130043639,2011-03-31
-0.5580953319613517,000001.SS,0,-0.6625971641761181,-0.12707443119241293,2011-06-30
-0.5809013818469589,000001.SS,0,-1.4386490541559918,-0.12707443121057008,2011-09-30
-0.5488139469127242,000001.SS,0,-0.758625590620794,-0.12707443126033366,2011-12-31
-0.5128021796769432,000001.SS,0,0.08183269709196381,-0.1270744308870799,2012-03-31
-0.5510534949533042,000001.SS,0,-0.3127039014330382,-0.1270744311340341,2012-06-30
-0.5907997878719048,000001.SS,0,-0.7137245739068564,-0.1270744312279994,2012-09-30
-0.5926431572226597,000001.SS,0,0.5944609199219258,-0.12707443099388865,2012-12-31
-0.5906027748229192,000001.SS,0,-0.2936911485730115,-0.12707443074905114,2013-03-31
-0.6023798714117791,000001.SS,0,-1.1708634892739502,-0.12707443127805573,2013-06-30
-0.6019111970421104,000001.SS,0,0.6906985398557286,-0.1270744307597217,2013-09-30
-0.6041071476304551,000001.SS,0,-0.4039063698157393,-0.12707443121098005,2013-12-31
-0.6108670867535557,000001.SS,0,-0.5090958128591827,-0.1270744311901297,2014-03-31
-0.6261535277442714,000001.SS,0,-0.10467636133369744,-0.12707443120680922,2014-06-30
-0.6336779435485219,000001.SS,0,1.1720295035361643,-0.1270744302792149,2014-09-30
-0.5798650387186663,000001.SS,0,3.0378163500408917,-0.12707443035441718,2014-12-31
-0.3932350305808584,000001.SS,0,1.2121883064150603,-0.12707443111657235,2015-03-31
-0.16571627589033927,000001.SS,1,1.0604540643720968,-0.127074430464169,2015-06-30
-0.09210005737963145,000001.SS,1,-2.660995016407084,-0.12707443130196788,2015-09-30
-0.23980993357942837,000001.SS,0,1.21800265704485,-0.12707443137993682,2015-12-31
-0.28099173286076984,000001.SS,0,-1.485546229978875,-0.12707443136305346,2016-03-31
-0.27206430873379617,000001.SS,0,-0.3843261731212206,-0.12707443125558324,2016-06-30
-0.470823949964576,000001.SS,0,0.05416021855812484,-0.12707443102778548,2016-09-30
-0.5261544996762807,000001.SS,0,0.11764315266831955,-0.12707443101678306,2016-12-31
-0.5950797862771235,000001.SS,0,0.16444225845522567,-0.1270744312167682,2017-03-31
-0.6040677902316905,000001.SS,0,-0.25025946811025035,-0.12707443110947164,2017-06-30
-0.6283472415630053,000001.SS,0,0.2578030980475107,-0.12707443085025844,2017-09-30
-0.619256378029749,000001.SS,0,-0.2775622834454172,-0.1270744313332326,2017-12-31
-0.611276258301103,000001.SS,0,-0.5329507620373815,-0.12707443095774304,2018-03-31
-0.6037257006746212,000001.SS,0,-1.0521015423723667,-0.12707443132141,2018-06-30
-0.5404996726682438,000001.SS,0,-0.2486789928513335,-0.12707443113206762,2018-09-30
-0.48650574244452494,000001.SS,0,-1.179323745663451,-0.12707443097086202,2018-12-31
-0.4979565450797771,000001.SS,0,1.9143997643635575,-0.12707443049621658,2019-03-31
-0.5344201971756745,000001.SS,0,-0.4840941817588851,-0.12707443115790917,2019-06-30
-0.5462538088312979,000001.SS,0,-0.3843210869722656,-0.12707443132212878,2019-09-30
-0.5517506653902565,000001.SS,0,0.23503148251346304,-0.12707443122039896,2019-12-31
-0.4272400170132562,^BSESN,0,0.38717902220123496,-0.12707443110483094,1998-03-31
-0.4272400170132562,^BSESN,0,-1.604781047365573,-0.12707443110483094,1998-06-30
-0.4372258351426796,^BSESN,1,-0.5663881604121852,-0.12707443110483094,1998-09-30
-0.4172541988838327,^BSESN,0,-0.30053129259271294,-0.12707443110483094,1998-12-31
-0.40636126617348617,^BSESN,0,1.7813516281307415,-0.12707443110483094,1999-03-31
-0.4364651976977885,^BSESN,0,0.7638444300087285,-0.12707443110483094,1999-06-30
-0.296531344407616,^BSESN,0,1.1422053178686926,-0.12707443110483094,1999-09-30
-0.2159199420320598,^BSESN,0,0.2720786462434154,-0.12707443110483094,1999-12-31
-0.24053084760455176,^BSESN,0,-0.1768796485724122,-0.12707443110483094,2000-03-31
-0.3342201841701476,^BSESN,1,-0.6084965829434207,-0.12707443110483094,2000-06-30
-0.3852190922217797,^BSESN,1,-1.3758974435839706,-0.12707443110483094,2000-09-30
-0.3031093587949921,^BSESN,0,-0.42066362216662234,-0.12707443110483094,2000-12-31
-0.33418817761781616,^BSESN,1,-0.9749056416677675,-0.12707443110483094,2001-03-31
-0.4115080716628572,^BSESN,0,-0.5254595754675994,-0.12707443110483094,2001-06-30
-0.4147822380160025,^BSESN,1,-1.793720743256653,-0.12707443110483094,2001-09-30
-0.37418497905472425,^BSESN,0,1.22653733546818,-0.12707443110483094,2001-12-31
-0.4459980443255663,^BSESN,0,0.38342121856568484,-0.12707443110483094,2002-03-31
-0.524424994207591,^BSESN,0,-0.7326641565349823,-0.12707443110483094,2002-06-30
-0.5305678182256052,^BSESN,0,-0.8486617497385621,-0.12707443110483094,2002-09-30
-0.5447682839516368,^BSESN,0,0.9540736328429374,-0.12707443110483094,2002-12-31
-0.5522787661929386,^BSESN,0,-1.0158637024676123,-0.12707443110483094,2003-03-31
-0.5839442895600503,^BSESN,0,1.4254596969751883,-0.12707443110483094,2003-06-30
-0.4998064347694248,^BSESN,0,1.8729366689629117,7.860461223703775,2003-09-30
-0.26628079873007915,^BSESN,0,2.5397910508151096,-0.12707443088419113,2003-12-31
0.002595852807432053,^BSESN,0,-0.5392555122272784,-0.12707443099891708,2004-03-31
-0.038409803146143374,^BSESN,1,-1.4070938810910443,-0.1270744312356067,2004-06-30
-0.2863786132972533,^BSESN,0,1.2617277536142621,-0.12707443116710723,2004-09-30
-0.3923158416392994,^BSESN,0,1.4198072904856054,-0.1270744314019613,2004-12-31
-0.29579945940036445,^BSESN,0,-0.3138391879747919,-0.12707443099089308,2005-03-31
-0.22440845074180854,^BSESN,0,0.7709057735616607,-0.12707443135444144,2005-06-30
-0.23307830487031544,^BSESN,0,1.5742865757015923,-0.1270744310133071,2005-09-30
-0.11733183224905211,^BSESN,0,0.6007087415568558,-0.12707443081658068,2005-12-31
0.12671789703484948,^BSESN,0,1.5742995460776132,-0.1270744311442263,2006-03-31
0.40546658281035236,^BSESN,1,-0.6865925039634488,-0.12707443091691206,2006-06-30
0.2445907770808125,^BSESN,0,1.3450139263934764,-0.1270744313284055,2006-09-30
0.22496815333840436,^BSESN,0,0.7623683839884451,-0.12707443121525294,2006-12-31
0.2866295693830707,^BSESN,0,-0.6203182353033431,-0.1270744310490602,2007-03-31
0.28363562382322854,^BSESN,0,0.8821257079378183,-0.12707443114209013,2007-06-30
0.06982949121380784,^BSESN,0,1.4000119223677936,-0.12707443095437274,2007-09-30
0.5185834915551089,^BSESN,0,1.3392785159270453,-0.12707443102367114,2007-12-31
1.0262778693569512,^BSESN,1,-2.161091731326676,-0.12707443111879696,2008-03-31
0.7345734066196423,^BSESN,0,-1.3835915538188623,-0.12707443107477173,2008-06-30
0.7494702971192497,^BSESN,0,-0.5577380524608295,-0.12707443079038183,2008-09-30
1.314127499885056,^BSESN,1,-2.3439142899004572,-0.12707443062837434,2008-12-31
1.4830948130645725,^BSESN,1,-0.11377030706225923,-0.12707443115764436,2009-03-31
1.222325848449595,^BSESN,0,4.121777233807253,-0.127074431068359,2009-06-30
1.073466656357435,^BSESN,0,1.4124133431182033,-0.12707443133944205,2009-09-30
1.4410878230148576,^BSESN,0,0.002796636014699664,-0.12707443131424476,2009-12-31
1.2892500259016186,^BSESN,0,-0.13760348125307073,-0.12707443128698137,2010-03-31
0.29194796796944444,^BSESN,0,-0.08299975998404342,-0.1270744310706089,2010-06-30
-0.12799464608605363,^BSESN,0,0.9956782737700558,-0.1270744312300283,2010-09-30
0.15727216069825872,^BSESN,0,0.02185536874497112,-0.12707443119656087,2010-12-31
0.21646091442598844,^BSESN,0,-0.6205446556762154,-0.1270744308672738,2011-03-31
0.0638291742441807,^BSESN,0,-0.43729803508075404,-0.12707443134260607,2011-06-30
0.0037977920503691844,^BSESN,0,-1.273924331296272,-0.12707443101218366,2011-09-30
0.14980823986643166,^BSESN,0,-0.6974352158143405,-0.12707443097185672,2011-12-31
0.10542262231060262,^BSESN,0,0.9289616681644055,-0.12707443104471808,2012-03-31
-0.03287654683417877,^BSESN,0,-0.15608947044123408,-0.1270744314095594,2012-06-30
-0.19291499018874006,^BSESN,0,0.49663908074507807,-0.12707443115681666,2012-09-30
-0.060996116340010696,^BSESN,0,0.1390691417482063,-0.12707443124108742,2012-12-31
0.0786239749091097,^BSESN,0,-0.433785097179243,-0.12707443102873042,2013-03-31
0.09049025873446805,^BSESN,0,0.08984284181488929,-0.12707443110483094,2013-06-30
-0.16587394750699377,^BSESN,0,-0.1761839624423172,-0.1270744308223584,2013-09-30
-0.22186997431249234,^BSESN,0,0.6354652516036855,-0.12707443126482607,2013-12-31
-0.08262099411979064,^BSESN,0,0.3308497123304522,-0.12707443096487078,2014-03-31
0.2499547131864804,^BSESN,0,1.008289524152109,-0.1270744310918272,2014-06-30
0.8610624966541188,^BSESN,0,0.24778779382780297,-0.12707443129910795,2014-09-30
1.103625882379888,^BSESN,0,0.11504868582255251,-0.12707443118556577,2014-12-31
1.0743848812066754,^BSESN,0,-0.023979744095766458,-0.12707443076000013,2015-03-31
0.44569852905214274,^BSESN,0,-0.22399106091756235,-0.12707443116252598,2015-06-30
0.008667603220349835,^BSESN,0,-0.6784902726610565,-0.12707443093962856,2015-09-30
0.046223033927069154,^BSESN,0,-0.1813960907494224,-0.12707443126342788,2015-12-31
0.29724807491383987,^BSESN,0,-0.42752226162943197,-0.12707443082202802,2016-03-31
0.26629140205821833,^BSESN,0,0.40050201696510274,-0.12707443121682763,2016-06-30
0.22689065033292868,^BSESN,0,0.1103038178625473,-0.12707443105903518,2016-09-30
0.3655779459215594,^BSESN,0,-0.5561942670822521,-0.12707443123080386,2016-12-31
0.28128414678209895,^BSESN,0,0.8098691186083984,-0.12707442957604392,2017-03-31
0.21875877751873987,^BSESN,0,0.21339546392432507,-0.12707443157790466,2017-06-30
0.5643955783751085,^BSESN,0,-0.06704239315251727,-0.12707443117712977,2017-09-30
0.7946668328240205,^BSESN,0,0.6026684537648855,-0.12707443061839166,2017-12-31
0.5893300743970806,^BSESN,0,-0.4471208550878241,-0.12707443124851453,2018-03-31
0.32443572017211314,^BSESN,0,0.47918474922078286,-0.1270744312532098,2018-06-30
0.43140343704568734,^BSESN,0,0.028509939540381012,-0.1270744310497969,2018-09-30
0.40339306632822225,^BSESN,0,-0.20714594651533455,-0.12707431558130378,2018-12-31
0.27630981000932336,^BSESN,0,0.4289342892069443,-0.12707443064115562,2019-03-31
0.3167650019212045,^BSESN,0,0.022734536880471914,-0.1270744318993805,2019-06-30
0.4520371566882078,^BSESN,0,-0.3297000014557396,-0.12707443067528076,2019-09-30
0.44370306197820136,^BSESN,0,0.4817867506780763,-0.12707443083323539,2019-12-31
0.29320841245338297,^BVSP,1,1.324976876721609,-0.12707443110483094,1998-03-31
0.17491659158610556,^BVSP,1,-1.8222758539808452,-0.12707443110483094,1998-06-30
0.1866988204264873,^BVSP,1,-2.9438587624593437,-0.12707443110483094,1998-09-30
0.5236371217735597,^BVSP,1,0.08320324321669541,-0.12707443110483094,1998-12-31
0.6408952717745908,^BVSP,1,4.850819443554725,-0.12707443110483094,1999-03-31
0.5940385869227569,^BVSP,0,0.5887237501345854,-0.12707443110483094,1999-06-30
0.7096866442817154,^BVSP,0,-0.5590556645647313,-0.12707443110483094,1999-09-30
0.5937783223752163,^BVSP,0,4.522959193792715,-0.12707443110483094,1999-12-31
1.0107345778714745,^BVSP,0,0.20179200016303803,-0.12707443110483094,2000-03-31
1.2894786344515874,^BVSP,1,-0.7024283626818613,-0.12707443110483094,2000-06-30
1.0729085085933812,^BVSP,0,-0.5852972966724177,-0.12707443110483094,2000-09-30
0.3770525709115223,^BVSP,0,-0.5346118457932484,-0.12707443110483094,2000-12-31
0.22170470856890792,^BVSP,0,-0.6373564443792841,-0.12707443110483094,2001-03-31
0.16233470902113786,^BVSP,0,-0.09542710995564513,-0.12707443110483094,2001-06-30
0.2096238667493598,^BVSP,1,-2.515056752453742,-0.12707443110483094,2001-09-30
0.5850621580238132,^BVSP,0,2.2389134920076876,-0.12707443110483094,2001-12-31
0.44183896433875114,^BVSP,0,-0.37606564281927735,-0.12707443110483094,2002-03-31
0.17241148465460293,^BVSP,0,-1.558648143612812,-0.12707443110483094,2002-06-30
0.2576574890143977,^BVSP,0,-2.1352320457614824,7.860461223703775,2002-09-30
0.5258343758497546,^BVSP,0,2.5011985565939736,-0.12707443110483094,2002-12-31
0.4061390642763713,^BVSP,0,-0.16434923623887468,-0.12707443110483094,2003-03-31
0.16806847830494495,^BVSP,0,1.1428803242426138,-0.12707443110483094,2003-06-30
0.4648569971214858,^BVSP,0,1.869564218600022,-0.12707443110483094,2003-09-30
1.1100895986692818,^BVSP,0,3.2155164873940785,-0.12707443110483094,2003-12-31
2.0582109447461767,^BVSP,0,-0.20578429571367962,-0.12707443110483094,2004-03-31
1.8661772747203647,^BVSP,0,-0.5593812540864638,-0.12707443110483094,2004-06-30
1.0476034854795053,^BVSP,0,0.6937460422477775,-0.12707443110483094,2004-09-30
0.45008867728690966,^BVSP,0,0.9361455684522885,-0.12707443110483094,2004-12-31
0.7691679380169751,^BVSP,0,-0.031077363095644198,-0.12707443110483094,2005-03-31
0.966050528416362,^BVSP,0,-0.679298154664394,-0.12707443110483094,2005-06-30
0.4864196568686848,^BVSP,0,2.10120094864435,-0.12707443110483094,2005-09-30
0.8720125333386376,^BVSP,0,0.34697122063609803,-0.12707443110483094,2005-12-31
2.027653851710886,^BVSP,0,1.0008543076968686,-0.12707443110483094,2006-03-31
2.8729122129525297,^BVSP,0,-0.4719840329195971,-0.12707443110483094,2006-06-30
2.002947065214164,^BVSP,0,-0.21223556073592578,7.860461223703775,2006-09-30
1.1190705673260208,^BVSP,0,1.7476229254258127,-0.12707442988322534,2006-12-31
1.4069302494743896,^BVSP,0,0.09153818752837288,-0.1270744310168401,2007-03-31
2.5529406025221757,^BVSP,0,1.4629484710324048,-0.12707443110618286,2007-06-30
3.6649975701539583,^BVSP,0,0.8029611652910829,-0.12707443165811505,2007-09-30
4.043571102576406,^BVSP,0,0.3235342108078372,-0.12707443179463213,2007-12-31
3.9456411832148883,^BVSP,0,-0.5665909177059852,-0.12707443140412128,2008-03-31
3.0939277162119527,^BVSP,0,0.4092803532311069,-0.12707443159544823,2008-06-30
2.90018168608197,^BVSP,0,-2.24116191865651,-0.1270744309444179,2008-09-30
5.808067967346181,^BVSP,1,-2.2759838150044396,-0.12707443086397474,2008-12-31
8.04341756090465,^BVSP,0,0.6136630437587843,-0.12707443120032552,2009-03-31
6.981909306912691,^BVSP,0,2.0726966963879927,-0.12707443109408184,2009-06-30
4.5592001392970705,^BVSP,0,1.5314403663623113,-0.1270744312225639,2009-09-30
5.925417311365921,^BVSP,0,0.8314552541352697,-0.12707443105539637,2009-12-31
6.132855627176487,^BVSP,0,0.05743841999287263,-0.12707443104296803,2010-03-31
4.274065550666454,^BVSP,0,-1.3362289158017986,-0.12707443089654966,2010-06-30
2.207246244417085,^BVSP,0,1.0444380230061172,-0.12707443114568598,2010-09-30
1.3941417281201978,^BVSP,0,-0.18465697903744466,-0.12707443117916076,2010-12-31
1.4441887892401801,^BVSP,0,-0.25916939815086565,-0.1270744308757941,2011-03-31
1.3150424516137569,^BVSP,0,-0.9537342991084359,-0.1270744311844281,2011-06-30
2.245691971362654,^BVSP,0,-1.5751028249805743,-0.12707443080739367,2011-09-30
3.4185934858564977,^BVSP,0,0.5680308241200327,-0.12707443117677486,2011-12-31
2.8647355061148936,^BVSP,0,1.0208075236788383,-0.12707443107494412,2012-03-31
2.4542765635794535,^BVSP,0,-1.5394328827031758,-0.12707443092889836,2012-06-30
2.420158165361012,^BVSP,0,0.6031116041490925,-0.1270744310583196,2012-09-30
2.111706190528915,^BVSP,0,0.09227436865242467,-0.12707443117888828,2012-12-31
1.928426721290597,^BVSP,0,-0.8259516424195783,-0.12707443089839074,2013-03-31
1.20798203916313,^BVSP,0,-1.5430593244711786,-0.1270744307833367,2013-06-30
2.336931624306663,^BVSP,0,0.7263436918225191,-0.12707443097086618,2013-09-30
2.305087512418769,^BVSP,0,-0.3072003272356079,-0.1270744313838345,2013-12-31
1.7774205813669286,^BVSP,0,-0.35354137513684464,-0.1270744312478287,2014-03-31
1.3921502746420344,^BVSP,0,0.306372786803575,-0.12707443112529881,2014-06-30
1.5228985001793638,^BVSP,0,-0.013770227195990614,-0.12707443100729057,2014-09-30
1.9809401679611178,^BVSP,0,-0.8299582788580622,-0.12707443100356272,2014-12-31
1.9869663498397951,^BVSP,0,0.029986184762644974,-0.1270744311998636,2015-03-31
1.705906246923569,^BVSP,0,0.15964786736287973,-0.12707443115042066,2015-06-30
1.7007090288250304,^BVSP,0,-1.484564694368684,-0.1270744310833353,2015-09-30
1.5968694078797978,^BVSP,0,-0.4991519972354162,-0.127074431127911,2015-12-31
2.529806541146978,^BVSP,0,1.1774443836441746,-0.12707443089379977,2016-03-31
2.5240591683254214,^BVSP,0,0.08701200082433194,-0.12707443115911518,2016-06-30
2.74214929137501,^BVSP,0,0.9865821009712666,-0.12707443117837955,2016-09-30
4.157800396814469,^BVSP,0,0.10842367966360199,-0.12707443111416258,2016-12-31
3.6713675648183206,^BVSP,0,0.5185834865239352,-0.1270744312169112,2017-03-31
2.8272463888708446,^BVSP,0,-0.4481521482456864,-0.1270744310481086,2017-06-30
1.6631587618675587,^BVSP,0,1.4078979174718877,-0.1270744311566141,2017-09-30
2.7657127216568553,^BVSP,0,0.0780118567634927,-0.12707443112646613,2017-12-31
3.801588743646262,^BVSP,0,0.8523567100680484,-0.127074430984748,2018-03-31
4.840513745019229,^BVSP,0,-1.4541609816320693,-0.12707443096246127,2018-06-30
3.2227161483515294,^BVSP,0,0.6181030083783405,-0.12707443126652015,2018-09-30
2.8183646439493644,^BVSP,0,0.7685400673149303,-0.12707443081312805,2018-12-31
3.842331099490473,^BVSP,0,0.5766546438510161,-0.12707443107875663,2019-03-31
5.25966616214109,^BVSP,0,0.3375470729334556,-0.12707443112242767,2019-06-30
4.944560316889862,^BVSP,0,0.15674433075697095,-0.12707443101922045,2019-09-30
3.5347629687850075,^BVSP,0,0.7633990022658319,-0.1270744311238631,2019-12-31
-0.5481136153992561,^FCHI,0,2.374998569008105,-0.12707443110483094,1998-03-31
-0.41830873061724105,^FCHI,0,0.568140256426458,-0.12707443110483094,1998-06-30
-0.3184758819896326,^FCHI,1,-2.2513167945896004,-0.12707443110483094,1998-09-30
-0.3583321168388226,^FCHI,0,1.8581811739574083,-0.12707443110483094,1998-12-31
-0.4534316715428802,^FCHI,0,0.3945221671921622,-0.12707443110483094,1999-03-31
-0.4538981889723487,^FCHI,0,0.5334362896076603,-0.12707443110483094,1999-06-30
-0.40914709451689096,^FCHI,0,-0.0638119456040913,-0.12707443110483094,1999-09-30
-0.4402368271713282,^FCHI,0,2.4225884814898424,-0.12707443110483094,1999-12-31
-0.27951650911170484,^FCHI,0,0.30982865859692216,-0.12707443110483094,2000-03-31
-0.1519236303180556,^FCHI,0,0.05326688099186489,-0.12707443110483094,2000-06-30
-0.18131150420055347,^FCHI,0,-0.4119266212170429,-0.12707443110483094,2000-09-30
-0.4032415000924181,^FCHI,0,-0.64157693797044,-0.12707443110483094,2000-12-31
-0.46445459023044455,^FCHI,0,-1.2647119713214474,-0.12707443110483094,2001-03-31
-0.3468015720273246,^FCHI,0,-0.09356950001544492,-0.12707443110483094,2001-06-30
-0.3184532975596241,^FCHI,1,-2.0786712494070683,-0.12707443110483094,2001-09-30
-0.2704119476281542,^FCHI,0,0.995303624427783,-0.12707443110483094,2001-12-31
-0.33903053028120345,^FCHI,0,-0.04956807180166046,-0.12707443110483094,2002-03-31
-0.4195654858065532,^FCHI,0,-1.6359770400454212,-0.12707443110483094,2002-06-30
-0.4016689218471916,^FCHI,1,-2.6714057460123843,-0.12707443110483094,2002-09-30
-0.2529016119917906,^FCHI,0,0.7288399318089828,-0.12707443110483094,2002-12-31
-0.2520959260273869,^FCHI,1,-1.4345851511922756,-0.12707443110483094,2003-03-31
-0.40246460272454204,^FCHI,0,1.3790413604101461,-0.12707443110483094,2003-06-30
-0.5430249744297146,^FCHI,0,-0.025344068451820828,-0.12707443110483094,2003-09-30
-0.5320211167992743,^FCHI,0,1.0053327569672605,-0.12707443110483094,2003-12-31
-0.4918753756584382,^FCHI,0,-0.004248301294553839,-0.12707443110483094,2004-03-31
-0.5244860126364491,^FCHI,0,0.08977466713938394,-0.12707443110483094,2004-06-30
-0.5723060777645378,^FCHI,0,-0.38440866260906187,-0.12707443110483094,2004-09-30
-0.6196911923736182,^FCHI,0,0.26272992945665813,7.860461223703775,2004-12-31
-0.6099156336409297,^FCHI,0,0.39284819437814006,-0.1270744310456184,2005-03-31
-0.566920722722468,^FCHI,0,0.17677741199651367,-0.127074431031721,2005-06-30
-0.524497693338759,^FCHI,0,0.5939503250110435,-0.12707443110836536,2005-09-30
-0.5075111209832517,^FCHI,0,0.04903933807870002,-0.12707443110912267,2005-12-31
-0.48360686556196264,^FCHI,0,0.7644743953495841,-0.12707443088067827,2006-03-31
-0.46070835453705,^FCHI,0,-0.5939812401411042,-0.12707443105764674,2006-06-30
-0.5053061497465454,^FCHI,0,0.32894172301846114,-0.12707443126235124,2006-09-30
-0.52891718605234,^FCHI,0,0.31476938950226135,-0.12707443104762148,2006-12-31
-0.5080244948419124,^FCHI,0,-0.023840280153007154,-0.12707443093009516,2007-03-31
-0.4515933962494913,^FCHI,0,0.4811292111845235,-0.12707443116552733,2007-06-30
-0.4727304478328004,^FCHI,0,-0.6567061142218222,-0.12707443091365914,2007-09-30
-0.5257607654028769,^FCHI,0,-0.3237382096951246,-0.1270744311754913,2007-12-31
-0.4611198738646036,^FCHI,1,-1.5753796434695777,-0.1270744308505182,2008-03-31
-0.3636534206124125,^FCHI,0,-0.6724187273693277,-0.12707443126169501,2008-06-30
-0.34094809990798225,^FCHI,0,-0.9595363840106907,-0.1270744309132958,2008-09-30
-0.2594757366982514,^FCHI,1,-1.9266502207615874,-0.1270744310829719,2008-12-31
-0.1775510276692046,^FCHI,1,-1.27980102415607,-0.1270744312381009,2009-03-31
-0.20308475566363646,^FCHI,0,0.8639033046633255,-0.1270744311736872,2009-06-30
-0.3844021482577703,^FCHI,0,1.6465505556469633,-0.12707443115359832,2009-09-30
-0.4490770655701764,^FCHI,0,0.1542280066805035,-0.12707443114146894,2009-12-31
-0.425891807688981,^FCHI,0,-0.08565627268277808,-0.1270744310803773,2010-03-31
-0.4989477668922336,^FCHI,1,-1.3324072758407193,-0.1270744308794851,2010-06-30
-0.5610435514880021,^FCHI,0,0.519481262341866,-0.12707443128600007,2010-09-30
-0.5640893760057695,^FCHI,0,0.14869539133946488,-0.12707443115957986,2010-12-31
-0.5558339424109867,^FCHI,0,0.1439301120975386,-0.12707443105711594,2011-03-31
-0.5519331242178277,^FCHI,0,-0.1841942547156335,-0.1270744311264413,2011-06-30
-0.5366954673741852,^FCHI,1,-2.355528220217839,-0.12707443062441848,2011-09-30
-0.40349048577051455,^FCHI,0,0.3502051413009249,-0.12707443128992282,2011-12-31
-0.39391118962881405,^FCHI,0,0.5583206753690443,-0.12707443113989134,2012-03-31
-0.4712352690116211,^FCHI,0,-0.746543395261124,-0.12707443097687712,2012-06-30
-0.5574703101362496,^FCHI,0,0.26174360224641613,-0.1270744312087044,2012-09-30
-0.560965082802781,^FCHI,0,0.5197540467946455,-0.1270744311862149,2012-12-31
-0.5376051373008017,^FCHI,0,0.09832994394250165,-0.1270744313225436,2013-03-31
-0.514120794255052,^FCHI,0,-0.1515110004630051,-0.12707443110260214,2013-06-30
-0.5465268487105328,^FCHI,0,0.77286063441842,-0.1270744311778502,2013-09-30
-0.5350344177948338,^FCHI,0,0.1514296553291262,-0.12707443116587036,2013-12-31
-0.5388286390213077,^FCHI,0,0.024632830944803768,-0.12707443077870886,2014-03-31
-0.5452732202302905,^FCHI,0,-0.10686078555156452,-0.1270744311694459,2014-06-30
-0.5855400636656806,^FCHI,0,-0.18197398982626167,-0.12707443111779346,2014-09-30
-0.5934532056114912,^FCHI,0,-0.45182621876097057,-0.12707443088827722,2014-12-31
-0.5665228237838233,^FCHI,0,1.3812172130919025,-0.12707443113469707,2015-03-31
-0.4533576516797435,^FCHI,0,-0.5899858260664919,-0.1270744311309501,2015-06-30
-0.42268256887683564,^FCHI,1,-0.7776076030747678,-0.12707443111508462,2015-09-30
-0.4706365368883589,^FCHI,0,0.2644838120931315,-0.1270744311246816,2015-12-31
-0.48928841535333367,^FCHI,0,-0.71260438865869,-0.12707443106106306,2016-03-31
-0.481119983471828,^FCHI,0,-0.46195642233534073,-0.12707443118862866,2016-06-30
-0.5185003618124581,^FCHI,0,0.2640225928072385,-0.12707443126284168,2016-09-30
-0.5644162850563667,^FCHI,0,0.6412984230899683,-0.12707443103217334,2016-12-31
-0.5429185710642473,^FCHI,0,0.29685667110544633,-0.12707443115661893,2017-03-31
-0.4692862457401637,^FCHI,0,-0.17209371126059111,-0.12707443107120936,2017-06-30
-0.46784355115587845,^FCHI,0,0.18653395169111125,-0.12707443126520476,2017-09-30
-0.5244241473360371,^FCHI,0,-0.19715870887493372,-0.12707443114552708,2017-12-31
-0.5729752881271675,^FCHI,0,-0.4070063193293991,-0.1270744309730695,2018-03-31
-0.5928132271945084,^FCHI,0,0.09420854290272564,-0.1270744311462814,2018-06-30
-0.5970176727203952,^FCHI,0,0.10893682528391534,-0.1270744311442187,2018-09-30
-0.5800059015369037,^FCHI,0,-1.3777338695167523,-0.1270744309615001,2018-12-31
-0.5128952591642444,^FCHI,0,0.9716033525641149,-0.1270744311993428,2019-03-31
-0.5098774743304999,^FCHI,0,0.13760056563555625,-0.12707443111804043,2019-06-30
-0.5021285048623022,^FCHI,0,0.04918605350894631,-0.12707443112124633,2019-09-30
-0.4771592679065807,^FCHI,0,0.2977630908562613,-0.12707443112180103,2019-12-31
-0.5801730430500343,^FTLC,0,1.1795890038434012,-0.12707443110483094,1998-03-31
-0.5400722542329081,^FTLC,0,-0.29197859318098074,-0.12707443110483094,1998-06-30
-0.5411497287789618,^FTLC,0,-1.3828076057894472,-0.12707443110483094,1998-09-30
-0.5539242799118779,^FTLC,0,1.0990628117972865,-0.12707443110483094,1998-12-31
-0.5695482435164756,^FTLC,0,0.5180289928560554,-0.12707443110483094,1999-03-31
-0.5462525899723085,^FTLC,0,-0.04995543399474971,-0.12707443110483094,1999-06-30
-0.5275250709308621,^FTLC,0,-0.5447962858458233,-0.12707443110483094,1999-09-30
-0.5916201882834362,^FTLC,0,1.108635741977867,-0.12707443110483094,1999-12-31
-0.6100022208151569,^FTLC,0,-0.5758504882583321,-0.12707443110483094,2000-03-31
-0.6109503375095581,^FTLC,0,-0.4055852564396522,-0.12707443110483094,2000-06-30
-0.6111374459809514,^FTLC,0,-0.17688480992375813,-0.12707443110483094,2000-09-30
-0.6263599742580126,^FTLC,0,-0.2788393750349345,-0.12707443110483094,2000-12-31
-0.6281871842512248,^FTLC,0,-0.9632439111588583,-0.12707443110483094,2001-03-31
-0.594152411635247,^FTLC,0,-0.11925714312735397,-0.12707443110483094,2001-06-30
-0.5718249113217386,^FTLC,1,-1.370055024480375,-0.12707443110483094,2001-09-30
-0.5377478379434824,^FTLC,0,0.48555900843961863,-0.12707443110483094,2001-12-31
-0.5656824571869217,^FTLC,0,-0.045745013248521996,-0.12707443110483094,2002-03-31
-0.5988985832945851,^FTLC,0,-1.1774267752100294,-0.12707443110483094,2002-06-30
-0.5665863188452988,^FTLC,1,-1.9376435515494335,-0.12707443110483094,2002-09-30
-0.4997392737099938,^FTLC,0,0.28467681810869583,-0.12707443110483094,2002-12-31
-0.48850497984192176,^FTLC,1,-0.8921263163080977,-0.12707443110483094,2003-03-31
-0.5572128509614758,^FTLC,0,0.9777509659429592,-0.12707443110483094,2003-06-30
-0.6107382486790278,^FTLC,0,0.05565545796986735,-0.12707443110483094,2003-09-30
-0.5924892434228504,^FTLC,0,0.6137191234027022,-0.12707443110483094,2003-12-31
-0.5904879513366287,^FTLC,0,-0.23092600984622869,-0.12707443110483094,2004-03-31
-0.6237601196642227,^FTLC,0,-0.032516530159493455,-0.12707443110483094,2004-06-30
-0.6485809913725612,^FTLC,0,0.007988385953058577,-0.12707443110483094,2004-09-30
-0.6479586126080987,^FTLC,0,0.3588824897045057,-0.12707443110483094,2004-12-31
-0.6202531765359716,^FTLC,0,-0.010419937431977886,-0.12707443110483094,2005-03-31
-0.6038475105292691,^FTLC,0,0.20622610445009643,-0.12707443110483094,2005-06-30
-0.6059093476489935,^FTLC,0,0.45958418910212323,-0.12707443110483094,2005-09-30
-0.6032934812711067,^FTLC,0,0.1490535975915776,-0.12707443110483094,2005-12-31
-0.5775212527574072,^FTLC,0,0.43866235997571335,7.860461223703775,2006-03-31
-0.5613313172957517,^FTLC,0,-0.38809383707874595,-0.12707443118516276,2006-06-30
-0.5863362077031479,^FTLC,0,0.06961412556289547,-0.12707443122308026,2006-09-30
-0.6074295281007139,^FTLC,0,0.30501806401056414,-0.12707443102982474,2006-12-31
-0.6024038280384932,^FTLC,0,-0.004601737154881325,-0.1270744309494639,2007-03-31
-0.5794016014663159,^FTLC,0,0.16256371896300245,-0.1270744311342891,2007-06-30
-0.5912742494601068,^FTLC,0,-0.38148805799998564,-0.12707443106622193,2007-09-30
-0.6165963184857547,^FTLC,0,-0.22311752592429782,-0.12707443128556759,2007-12-31
-0.5965349314359174,^FTLC,0,-1.1227583039252254,-0.12707443109081032,2008-03-31
-0.5678071245049597,^FTLC,0,-0.37144226566396477,-0.12707443122487935,2008-06-30
-0.545877360940317,^FTLC,1,-1.297534274251604,-0.1270744309057647,2008-09-30
-0.4558771529492412,^FTLC,1,-1.102064783999518,-0.12707443123037032,2008-12-31
-0.3984698490695052,^FTLC,1,-1.0644036610331713,-0.12707443116225198,2009-03-31
-0.42244640283568186,^FTLC,0,0.6254603983213604,-0.1270744311494226,2009-06-30
-0.5210722250577825,^FTLC,0,1.6700441218594568,-0.1270744311887941,2009-09-30
-0.5176126412796095,^FTLC,0,0.2650400584330647,-0.12707443111880937,2009-12-31
-0.48651767528102713,^FTLC,0,0.30485242239862104,-0.12707443103468521,2010-03-31
-0.5211250729093756,^FTLC,0,-1.2776610723002142,-0.12707443108510316,2010-06-30
-0.5943479001419893,^FTLC,0,0.9447005063456304,-0.12707443128247994,2010-09-30
-0.599391560658458,^FTLC,0,0.4203455916614136,-0.1270744312028922,2010-12-31
-0.5708388415101295,^FTLC,0,-0.1542394281696458,-0.12707443103071886,2011-03-31
-0.5613858136579578,^FTLC,0,-0.08788557535844817,-0.12707443118251235,2011-06-30
-0.593464393798537,^FTLC,1,-1.4124913285884086,-0.12707443092379006,2011-09-30
-0.5709663049283514,^FTLC,0,0.5189860714647839,-0.12707443121681525,2011-12-31
-0.5710284568238428,^FTLC,0,0.2546825443300126,-0.12707443101828172,2012-03-31
-0.581410773028734,^FTLC,0,-0.48844321913474326,-0.12707443115183778,2012-06-30
-0.5966987053411917,^FTLC,0,0.14615085593207275,-0.1270744312634245,2012-09-30
-0.61511567091757,^FTLC,0,0.09904410979465886,-0.12707443114270672,2012-12-31
-0.5977438717360057,^FTLC,0,0.6350724566411559,-0.12707443105958277,2013-03-31
-0.5526292819368371,^FTLC,0,-0.40904016012872785,-0.1270744310662254,2013-06-30
-0.559265260331976,^FTLC,0,0.2271386367484185,-0.1270744311542504,2013-09-30
-0.5844991824794936,^FTLC,0,0.24862970757978498,-0.12707443121187856,2013-12-31
-0.6173922914637827,^FTLC,0,-0.3054498769746988,-0.12707443087197481,2014-03-31
-0.6224049532905265,^FTLC,0,-0.054655940702387745,-0.12707443121930373,2014-06-30
-0.6381950545212606,^FTLC,0,-0.3305332517225219,-0.12707443115137154,2014-09-30
-0.6359328690164823,^FTLC,0,-0.17116287780317527,-0.12707443112977262,2014-12-31
-0.6283651809601961,^FTLC,0,0.1484402334335669,-0.12707443110483094,2015-03-31
-0.6083371316305481,^FTLC,0,-0.40282396443928103,-0.12707443110483094,2015-06-30
-0.5966395155701745,^FTLC,1,-0.7489566658588892,7.860461223703775,2015-09-30
-0.5791213671291748,^FTLC,0,0.1134098797932808,-0.12707443110483094,2015-12-31
-0.5522422206949598,^FTLC,0,-0.2912971015976806,-0.12707443110483094,2016-03-31
-0.5735084865384458,^FTLC,0,0.15568178347039555,7.860461223703775,2016-06-30
-0.5915929768442776,^FTLC,0,0.4119400377595761,-0.12707443110483094,2016-09-30
-0.551605039416496,^FTLC,0,0.10342099280735564,-0.12707443110483094,2016-12-31
-0.539730213314675,^FTLC,0,0.0854136211891344,-0.12707443110483094,2017-03-31
-0.5508698349682932,^FTLC,0,-0.1509145583944772,7.860461223703775,2017-06-30
-0.5868028625611657,^FTLC,0,-0.06873056710763338,-0.12707443110483094,2017-09-30
-0.6107140116014558,^FTLC,0,0.20305686108923024,7.860461223703775,2017-12-31
-0.632306783986916,^FTLC,0,-0.8524479301021121,-0.12707437617029324,2018-03-31
-0.621246373165009,^FTLC,0,0.5148421225177264,-0.1270744310189464,2018-06-30
-0.6097154102950307,^FTLC,0,-0.3125396633805741,-0.12707443144004502,2018-09-30
-0.5939398565916411,^FTLC,0,-1.1236787712471459,-0.12707443082236994,2018-12-31
-0.5606343041594068,^FTLC,0,0.5581168581897376,-0.127074431009381,2019-03-31
-0.564268770803684,^FTLC,0,0.0032564767226277544,-0.12707443104165475,2019-06-30
-0.5827779533365168,^FTLC,0,-0.15226411375267612,-0.1270744311193288,2019-09-30
-0.6006823095675252,^FTLC,0,0.21633230906950532,-0.12707443112978203,2019-12-31
-0.40640341687950143,^GDAXI,0,1.6299215225190526,-0.12707443110483094,1998-03-31
-0.3286984072855943,^GDAXI,0,1.102611684209191,-0.12707443110483094,1998-06-30
-0.1935074376344961,^GDAXI,1,-2.271441902275036,-0.12707443110483094,1998-09-30
-0.24113359174958848,^GDAXI,1,0.9619738086620083,-0.12707443110483094,1998-12-31
-0.3383845714349675,^GDAXI,0,-0.41466749973882266,-0.12707443110483094,1999-03-31
-0.35637069225346585,^GDAXI,0,0.7493390947789822,-0.12707443110483094,1999-06-30
-0.4337155785328283,^GDAXI,0,-0.5391177257987625,-0.12707443110483094,1999-09-30
-0.4806067217493565,^GDAXI,0,2.8877220312989555,7.860461223703775,1999-12-31
-0.19279524029996756,^GDAXI,0,0.6332621965740547,-0.1270744301779143,2000-03-31
0.003293547671495943,^GDAXI,0,-0.9721862785833888,-0.12707443137210284,2000-06-30
-0.0775821879107636,^GDAXI,0,-0.2952915205232587,-0.127074430989345,2000-09-30
-0.3466020004382389,^GDAXI,0,-0.6357456537869604,-0.12707443105895452,2000-12-31
-0.3927993137556461,^GDAXI,0,-0.9857760045004283,-0.1270744308368092,2001-03-31
-0.3501339967833121,^GDAXI,0,0.17209954324896207,-0.12707443104937438,2001-06-30
-0.3319103574200379,^GDAXI,1,-2.6838361765373575,-0.12707443093120663,2001-09-30
-0.17299809082369835,^GDAXI,0,1.5524763195207736,-0.12707443114533212,2001-12-31
-0.23408548526994538,^GDAXI,0,0.23115539188379128,-0.12707443105142244,2002-03-31
-0.3227392190741932,^GDAXI,0,-1.805606925174463,-0.127074431083971,2002-06-30
-0.33103046605375414,^GDAXI,1,-3.3739468599991653,-0.12707443089083675,2002-09-30
-0.11150361293488799,^GDAXI,1,0.2195807856203781,-0.12707443116257883,2002-12-31
-0.05367173930088206,^GDAXI,1,-1.579673318983643,-0.12707443093872173,2003-03-31
-0.22840046318115953,^GDAXI,0,2.69232375927425,-0.1270744311506601,2003-06-30
-0.4452415506530387,^GDAXI,0,-0.0711375126092354,-0.12707443111789207,2003-09-30
-0.42703542695553603,^GDAXI,0,1.724455448736042,-0.12707443117248135,2003-12-31
-0.36126899093302817,^GDAXI,0,-0.4070972008408385,-0.1270744309566151,2004-03-31
-0.4540812687472225,^GDAXI,0,0.2734820718929503,-0.1270744312385644,2004-06-30
-0.5331877024636913,^GDAXI,0,-0.5122930698769665,-0.12707443112462888,2004-09-30
-0.5944170183266062,^GDAXI,0,0.6431400299023988,-0.12707443107501737,2004-12-31
-0.5676504872908442,^GDAXI,0,0.02059722833270546,-0.12707443102374888,2005-03-31
-0.5373217244016422,^GDAXI,0,0.30644786818033454,-0.12707443108428496,2005-06-30
-0.49490617123863595,^GDAXI,0,0.7000304238341437,-0.12707443106770347,2005-09-30
-0.46586876438001756,^GDAXI,0,0.4594445796159736,-0.12707443117135747,2005-12-31
-0.3857929295880372,^GDAXI,0,0.7353177819794701,-0.1270744309534558,2006-03-31
-0.3505041984513483,^GDAXI,0,-0.587129956875988,-0.1270744310126555,2006-06-30
-0.42655933174525273,^GDAXI,0,0.32272034062467597,-0.12707443121989506,2006-09-30
-0.4752061507539233,^GDAXI,0,0.6901543873773957,-0.12707443111585476,2006-12-31
-0.4064163923623144,^GDAXI,0,0.2534229359610869,-0.12707443082299455,2007-03-31
-0.2714767465456503,^GDAXI,0,1.2031482747850695,-0.12707443113372532,2007-06-30
-0.2150259994659201,^GDAXI,0,-0.3275008887195417,-0.12707443104800287,2007-09-30
-0.3066277025396728,^GDAXI,0,0.05891024687985068,-0.12707443118466247,2007-12-31
-0.37524586161321866,^GDAXI,1,-1.8224774582201393,-0.12707443080335878,2008-03-31
-0.33220615243624535,^GDAXI,0,-0.32437213174047336,-0.12707443131937743,2008-06-30
-0.28067255051952084,^GDAXI,0,-0.9655330948428484,-0.12707443088951448,2008-09-30
-0.12009206925517485,^GDAXI,1,-1.6929611966714477,-0.12707443099151572,2008-12-31
0.005658804930360249,^GDAXI,1,-1.4818257772824608,-0.12707443131657695,2009-03-31
0.007713370676992532,^GDAXI,0,1.3736883951614163,-0.12707443126071571,2009-06-30
-0.2327173141000211,^GDAXI,0,1.3996799873343284,-0.1270744312278761,2009-09-30
-0.2990248398721769,^GDAXI,0,0.263988030103346,-0.12707443102791494,2009-12-31
-0.27734434799622615,^GDAXI,0,0.11758884557796057,-0.12707443101765975,2010-03-31
-0.3963592562333832,^GDAXI,0,-0.4349802799166389,-0.12707443095852913,2010-06-30
-0.5035628569880911,^GDAXI,0,0.21552406593405812,-0.12707443132010715,2010-09-30
-0.48012259498002874,^GDAXI,0,0.7885452960354132,-0.12707443116037542,2010-12-31
-0.3784994755509551,^GDAXI,0,-0.008937837154313078,-0.1270744309419483,2011-03-31
-0.3477378842634216,^GDAXI,0,0.24508621783648515,-0.1270744309352125,2011-06-30
-0.3511446262531114,^GDAXI,1,-2.380853107509252,-0.12707443072240313,2011-09-30
-0.20253284728772358,^GDAXI,0,0.4580747680054124,-0.12707443127608878,2011-12-31
-0.18258051202177633,^GDAXI,0,1.3784181517608578,-0.12707443106509317,2012-03-31
-0.24106708715559055,^GDAXI,0,-0.8338191722115582,-0.12707443119450512,2012-06-30
-0.3362850775547494,^GDAXI,0,0.9162158241858446,-0.12707443115151948,2012-09-30
-0.35885555696063814,^GDAXI,0,0.3090142286791815,-0.12707443127244347,2012-12-31
-0.34887016063782583,^GDAXI,0,0.04019235982658554,-0.12707443096132062,2013-03-31
-0.29296119573845447,^GDAXI,0,0.01405555108357832,-0.12707443125003157,2013-06-30
-0.3861041435361367,^GDAXI,0,0.5257200470256064,-0.12707443123113898,2013-09-30
-0.3605939470848021,^GDAXI,0,0.8011115598543964,-0.1270744312375984,2013-12-31
-0.26896080277645484,^GDAXI,0,-0.16556707974418894,-0.1270744309703492,2014-03-31
-0.27699161043529097,^GDAXI,0,0.0834986636981795,-0.12707443120977444,2014-06-30
-0.36423711848997536,^GDAXI,0,-0.4865997868011227,-0.1270744311001536,2014-09-30
-0.4727989115318267,^GDAXI,0,0.13537191432583853,-0.12707443092286907,2014-12-31
-0.3520075056852574,^GDAXI,0,1.749155087074173,-0.12707443109327526,2015-03-31
-0.010169495844363477,^GDAXI,0,-0.9118830295226197,-0.12707443117330158,2015-06-30
0.03289950970984593,^GDAXI,1,-1.1906370375626136,-0.1270744309811837,2015-09-30
-0.10900320672265146,^GDAXI,0,0.8065273041905937,-0.12707443122070788,2015-12-31
-0.1351242965648148,^GDAXI,0,-0.7989956075848283,-0.12707443095092905,2016-03-31
-0.18093960734455225,^GDAXI,0,-0.4183053419657306,-0.12707443119214326,2016-06-30
-0.3090800492352014,^GDAXI,0,0.5782529273507071,-0.12707443115552727,2016-09-30
-0.3377285013193033,^GDAXI,0,0.6343909346992247,-0.12707443106979888,2016-12-31
-0.22599351436417317,^GDAXI,0,0.46170583693209954,-0.12707443112468825,2017-03-31
-0.08572570255716126,^GDAXI,0,-0.16032388853534182,-0.1270744311221361,2017-06-30
-0.12136089092191306,^GDAXI,0,0.18680176887917804,-0.12707443116360354,2017-09-30
-0.2574659236117361,^GDAXI,0,-0.10874281791999156,-0.1270744311019252,2017-12-31
-0.3677074494859222,^GDAXI,0,-0.7221890328035828,-0.12707443087114778,2018-03-31
-0.3997444551654294,^GDAXI,0,-0.018389124696589657,-0.12707443116831044,2018-06-30
-0.405448235767106,^GDAXI,0,-0.21091101302047216,-0.12707443122016915,2018-09-30
-0.3222061200050302,^GDAXI,0,-1.3686688686779667,-0.12707443106395475,2018-12-31
-0.19702188125509035,^GDAXI,0,0.6283031267243847,-0.12707443115124678,2019-03-31
-0.22632418776883895,^GDAXI,0,0.49017166596066974,-0.12707443105263783,2019-06-30
-0.30064717179407385,^GDAXI,0,-0.14842709010928887,-0.12707443111443548,2019-09-30
-0.2529505985331189,^GDAXI,0,0.4060258217930241,-0.1270744312208216,2019-12-31
-0.6339278850745039,^GSPC,0,1.0090023028632453,-0.12707443106151878,1998-03-31
-0.6323212484172908,^GSPC,0,0.0845633191851962,-0.12707443109277522,1998-06-30
-0.6305254214331717,^GSPC,1,-1.0659510004064356,-0.12707443095420176,1998-09-30
-0.6381040146370185,^GSPC,0,1.6475128361833218,-0.12707443109347077,1998-12-31
-0.6347165130937967,^GSPC,0,0.2356667747249534,-0.1270744310682202,1999-03-31
-0.6143593730743844,^GSPC,0,0.4152937144803416,-0.12707443107681307,1999-06-30
-0.6048965367216477,^GSPC,0,-0.7397234428052152,-0.12707443115059627,1999-09-30
-0.6392499089595135,^GSPC,0,1.0969677776242026,-0.12707443094928808,1999-12-31
-0.6477686724377535,^GSPC,0,0.00479132773949887,-0.1270744309403939,2000-03-31
-0.643656385813807,^GSPC,1,-0.42445980834708336,-0.1270744311842785,2000-06-30
-0.6421734065347039,^GSPC,0,-0.2772445145838954,-0.12707443112361458,2000-09-30
-0.6520894672288713,^GSPC,0,-0.8733260109906336,-0.12707443097495272,2000-12-31
-0.6386438877979135,^GSPC,0,-1.2235951613749287,-0.1270744310229402,2001-03-31
-0.6131463470087483,^GSPC,0,0.3115357306094683,-0.12707443113167172,2001-06-30
-0.6155572355660764,^GSPC,1,-1.4732071211184044,-0.12707443113162992,2001-09-30
-0.6187423220245174,^GSPC,0,0.7269984826734195,-0.1270744310026697,2001-12-31
-0.6344007483619184,^GSPC,0,-0.17421589021669817,-0.12707443109553795,2002-03-31
-0.6429336525688647,^GSPC,0,-1.3644478204994717,-0.12707443107477565,2002-06-30
-0.6293762248903911,^GSPC,1,-1.703998893585199,-0.12707443097589027,2002-09-30
-0.6060367605337,^GSPC,0,0.5201368989033283,-0.12707443115472683,2002-12-31
-0.6123358907314462,^GSPC,0,-0.48203661994574604,-0.1270744311647991,2003-03-31
-0.6408102737356083,^GSPC,0,1.1274717239902097,-0.127074431051223,2003-06-30
-0.647168160282466,^GSPC,0,0.02280431271390726,-0.12707443115237227,2003-09-30
-0.6376770900984049,^GSPC,0,0.8444566114983978,-0.1270744311212354,2003-12-31
-0.6275372048970531,^GSPC,0,-0.057110350902086104,-0.12707443101227983,2004-03-31
-0.6415454132775317,^GSPC,0,-0.05590113930874841,-0.12707443115505324,2004-06-30
-0.6541837607712896,^GSPC,0,-0.36935971168065235,-0.12707443115688646,2004-09-30
-0.6661200895182795,^GSPC,0,0.5912616590981354,-0.127074431004661,2004-12-31
-0.6606340790166927,^GSPC,0,-0.3940253388170823,-0.12707443104701802,2005-03-31
-0.6578480327883403,^GSPC,0,-0.08979304298655427,-0.12707443091860832,2005-06-30
-0.6599601091167181,^GSPC,0,0.10488419807360437,-0.1270744310970954,2005-09-30
-0.6683218171234144,^GSPC,0,-0.030985040086493346,-0.12707443102525579,2005-12-31
-0.6612231177862263,^GSPC,0,0.1558463499298127,-0.12707443106786728,2006-03-31
-0.6588503010780214,^GSPC,0,-0.3348353155202035,-0.12707443105165828,2006-06-30
-0.6624365824235317,^GSPC,0,0.2809367586642393,-0.12707443113971148,2006-09-30
-0.6586701595082198,^GSPC,0,0.3683034231619662,-0.12707443102880311,2006-12-31
-0.6435615869781014,^GSPC,0,-0.15327241804998884,-0.1270744310226277,2007-03-31
-0.632737742258371,^GSPC,0,0.3364020577694209,-0.12707443105422736,2007-06-30
-0.6382437636999171,^GSPC,0,-0.033487449798024045,-0.12707443096745522,2007-09-30
-0.6515893435684085,^GSPC,0,-0.5019080057517582,-0.12707443107731556,2007-12-31
-0.646758860309449,^GSPC,0,-1.0325228679365956,-0.12707443095320103,2008-03-31
-0.6341729596079461,^GSPC,0,-0.45000619834205385,-0.12707443112439323,2008-06-30
-0.6259504989288798,^GSPC,1,-0.941834276418539,-0.12707443083915643,2008-09-30
-0.5810677636156962,^GSPC,1,-2.13269959883185,-0.12707443102043392,2008-12-31
-0.5343904535796773,^GSPC,1,-1.1845875887831856,-0.1270744310841431,2009-03-31
-0.535345786332688,^GSPC,0,1.1560865588879083,-0.1270744311355101,2009-06-30
-0.5911525168100188,^GSPC,0,1.1354731962003697,-0.12707443120518058,2009-09-30
-0.6159527156371039,^GSPC,0,0.30881286314158224,-0.12707443121709522,2009-12-31
-0.6064614595532859,^GSPC,0,0.2551467130533828,-0.12707443112901035,2010-03-31
-0.6257422723673929,^GSPC,0,-1.2016005914181829,-0.12707443088934772,2010-06-30
-0.6511266359789792,^GSPC,0,0.7641842690793862,-0.1270744313175373,2010-09-30
-0.6541586222441326,^GSPC,0,0.7192229707418698,-0.1270744311123053,2010-12-31
-0.6352236419832578,^GSPC,0,0.30301081276339614,-0.1270744311568335,2011-03-31
-0.6192107694542431,^GSPC,0,-0.2030605215599924,-0.12707443109057226,2011-06-30
-0.6315325852189967,^GSPC,1,-1.4162424610714812,-0.1270744309513598,2011-09-30
-0.6420233588123421,^GSPC,0,0.8018387167410214,-0.12707443120109133,2011-12-31
-0.6405829701207674,^GSPC,0,0.8753366930991807,-0.12707443115214517,2012-03-31
-0.6318005698766246,^GSPC,0,-0.4552047823206093,-0.12707443110016858,2012-06-30
-0.6306767776401956,^GSPC,0,0.3327461302214603,-0.12707443120363973,2012-09-30
-0.6421958840338914,^GSPC,0,-0.25647906171557244,-0.12707443111810313,2012-12-31
-0.6492101646063017,^GSPC,0,0.703850997992352,-0.12707443108951622,2013-03-31
-0.6278178591365177,^GSPC,0,0.03677316140967299,-0.12707443104933877,2013-06-30
-0.6183939226645693,^GSPC,0,0.23893501129908165,-0.1270744312076343,2013-09-30
-0.6141989017188966,^GSPC,0,0.6945622443329492,-0.1270744310801548,2013-12-31
-0.6193253277567826,^GSPC,0,-0.05604759896082345,-0.1270744310571624,2014-03-31
-0.6228610465258129,^GSPC,0,0.23964389245270257,-0.1270744311745382,2014-06-30
-0.6221376930109889,^GSPC,0,-0.11542755187120603,-0.1270744311335655,2014-09-30
-0.6327571832634024,^GSPC,0,0.213285554667026,-0.12707443090991866,2014-12-31
-0.6334720217982264,^GSPC,0,-0.13097455105663278,-0.12707443115608835,2015-03-31
-0.6399778980758598,^GSPC,0,-0.18910577853031144,-0.12707443114899836,2015-06-30
-0.6440257191738482,^GSPC,1,-0.7726975202458403,-0.12707443098310245,2015-09-30
-0.64674998325684,^GSPC,0,0.392802582697114,-0.127074431095277,2015-12-31
-0.6367557544260501,^GSPC,0,-0.10169244442846187,-0.12707443099853885,2016-03-31
-0.6342563513319802,^GSPC,0,-0.0036507965447490067,-0.127074431194551,2016-06-30
-0.629640120222126,^GSPC,0,0.11889563229402146,-0.12707443118474182,2016-09-30
-0.6234822544062855,^GSPC,0,0.11429768209998069,-0.12707443105255026,2016-12-31
-0.6195672447626642,^GSPC,0,0.31272860307988415,-0.12707443115613656,2017-03-31
-0.6140103957455904,^GSPC,0,0.05461876517763877,-0.1270744310880022,2017-06-30
-0.6082582188842032,^GSPC,0,0.17567692976242244,-0.12707443119457454,2017-09-30
-0.6112173854918496,^GSPC,0,0.3639927161823507,-0.12707443106790814,2017-12-31
-0.594762483166063,^GSPC,0,-0.27558380778262564,-0.12707443101348742,2018-03-31
-0.5990062448190573,^GSPC,0,0.08647869813301241,-0.12707443113881642,2018-06-30
-0.6096379958544978,^GSPC,0,0.45742146785241583,-0.12707443119980188,2018-09-30
-0.6210244525981108,^GSPC,0,-1.3852270206352835,-0.12707443086510603,2018-12-31
-0.6120522943611169,^GSPC,0,0.9684403608761979,-0.12707443118589976,2019-03-31
-0.608484238128798,^GSPC,0,0.16074326043429918,-0.1270744311466166,2019-06-30
-0.595162974062982,^GSPC,0,-0.06547364198692432,-0.1270744310812404,2019-09-30
-0.5816624124453117,^GSPC,0,0.5461711595310649,-0.1270744311243009,2019-12-31
0.7571302027876101,^HSI,1,0.47715195622278866,-0.12707443110483094,1998-03-31
0.9338909861548282,^HSI,0,-2.4177538866318122,-0.12707443110483094,1998-06-30
0.879085286938922,^HSI,1,-0.8411327295321256,-0.12707443110483094,1998-09-30
0.30582435935086794,^HSI,0,2.2217914247610144,-0.12707443110483094,1998-12-31
0.22708736723739176,^HSI,0,0.6051598865785583,-0.12707443110483094,1999-03-31
0.4120979578255605,^HSI,0,1.8914494575094518,-0.12707443110483094,1999-06-30
0.7004521815726437,^HSI,0,-0.6829091125463628,-0.12707443110483094,1999-09-30
0.4785544580854655,^HSI,0,2.7220818355012697,-0.12707443110483094,1999-12-31
0.5982947076975236,^HSI,1,0.05910572404831421,-0.12707443110483094,2000-03-31
0.47542033521691074,^HSI,1,-0.7944954457708673,-0.12707443110483094,2000-06-30
0.42455930556601956,^HSI,1,-0.4420597348999321,-0.12707443110483094,2000-09-30
0.12511539666908816,^HSI,0,-0.4768537433968772,-0.12707443110483094,2000-12-31
0.09440965210684345,^HSI,0,-1.51543977687967,-0.12707443110483094,2001-03-31
0.29327692162595576,^HSI,0,0.02331663624649984,-0.12707443110483094,2001-06-30
0.42390737825420366,^HSI,0,-2.2325940291706847,7.860461223703775,2001-09-30
0.6314910291071528,^HSI,0,1.0964552336527313,-0.1270744306361051,2001-12-31
0.41178968796984583,^HSI,0,-0.44722641976674965,-0.12707443127268467,2002-03-31
0.07383615369568436,^HSI,0,-0.5117075200546521,-0.12707443116827394,2002-06-30
-0.21132889611734326,^HSI,0,-1.4226410149910418,-0.12707443120451814,2002-09-30
-0.16161421543593354,^HSI,0,0.07001642432834829,-0.12707443088985929,2002-12-31
-0.13837228542401325,^HSI,0,-0.8104203630991745,-0.12707443132688453,2003-03-31
-0.16561029731339677,^HSI,0,0.7813985786550166,-0.12707443084792083,2003-06-30
-0.3209786057506,^HSI,0,1.3332785035187542,-0.12707443089098142,2003-09-30
0.010798744830115172,^HSI,0,0.8744537386947234,-0.12707443111545572,2003-12-31
0.3943253578466549,^HSI,0,-0.09579830109177917,-0.12707443104577018,2004-03-31
0.2735028100266406,^HSI,0,-0.44075650925438653,-0.12707443117818748,2004-06-30
-0.10022907469832307,^HSI,0,0.42214689311296943,-0.12707443113381414,2004-09-30
-0.22884669852323197,^HSI,0,0.5675696177517368,-0.12707443097159316,2004-12-31
-0.1390134185069475,^HSI,0,-0.6053117690639301,-0.12707443111625819,2005-03-31
-0.15793731031686792,^HSI,0,0.27163877568801154,-0.12707443116721048,2005-06-30
-0.26758898341270904,^HSI,0,0.5834354714461738,-0.12707443093544613,2005-09-30
-0.26912219176694463,^HSI,0,-0.48048540339717244,-0.12707443122478945,2005-12-31
-0.21441890991260132,^HSI,0,0.3744016026874591,-0.12707443083687384,2006-03-31
-0.15676347568905435,^HSI,0,0.08579530987547969,-0.1270744311419568,2006-06-30
-0.15965774682093256,^HSI,0,0.5135216336766192,-0.12707443111309558,2006-09-30
0.06312725663172686,^HSI,0,1.0326809229196185,-0.1270744300882762,2006-12-31
0.37152760749450764,^HSI,0,-0.24040137286137508,-0.12707443083313388,2007-03-31
0.46020581357663465,^HSI,0,0.6978799338532468,-0.12707443091621495,2007-06-30
0.5037980986568268,^HSI,0,1.9779269117809402,-0.1270744306298574,2007-09-30
1.4324681691709062,^HSI,0,0.045954663737501525,-0.12707443100287014,2007-12-31
1.6868012547952353,^HSI,1,-1.722498388476832,-0.1270744311383734,2008-03-31
1.2714314262614088,^HSI,0,-0.4536491643758227,-0.12707443127006324,2008-06-30
1.154690347056399,^HSI,1,-1.778217669741626,-0.12707443100559676,2008-09-30
2.0807002611684133,^HSI,1,-1.922319955473358,-0.1270744309470767,2008-12-31
2.490125464582671,^HSI,1,-0.6599564244806643,-0.12707443115231098,2009-03-31
2.2446176519772516,^HSI,0,2.9105689101184704,-0.1270744310437204,2009-06-30
1.3916868163929226,^HSI,0,1.0513859079142054,-0.12707443132238058,2009-09-30
1.6254972128678515,^HSI,0,0.2120537560649419,-0.12707443125605594,2009-12-31
1.4477683910449504,^HSI,0,-0.42097390101543025,-0.12707443106147004,2010-03-31
0.387349689529508,^HSI,0,-0.6240732921220205,-0.12707443118678402,2010-06-30
-0.060619391207055916,^HSI,0,0.7950594245496097,-0.12707443119929002,2010-09-30
0.11940661971491717,^HSI,0,0.09471252764807363,-0.1270744308567334,2010-12-31
0.3268251134587531,^HSI,0,0.016968906029288754,-0.1270744311858817,2011-03-31
0.3107573806748303,^HSI,0,-0.5868659514901264,-0.12707443120235531,2011-06-30
0.1116672099297205,^HSI,1,-2.036732553353009,-0.12707443061916504,2011-09-30
0.6914881554645388,^HSI,0,0.24764535377661803,-0.12707443123981008,2011-12-31
0.7758732665121973,^HSI,0,0.8326849027634304,-0.1270744312071416,2012-03-31
0.45279131143634527,^HSI,0,-0.6408037836221591,-0.12707443108084093,2012-06-30
0.11353782341290712,^HSI,0,0.45739521143265544,-0.1270744312070406,2012-09-30
0.062312849484268726,^HSI,0,0.5897901605867023,-0.12707443110954386,2012-12-31
0.2732915185860659,^HSI,0,-0.3062599035865358,-0.12707443100760415,2013-03-31
0.38173912567060214,^HSI,0,-0.7531110071827185,-0.12707443105007604,2013-06-30
0.11325182885797115,^HSI,0,0.6915836935732582,-0.12707443116575243,2013-09-30
-0.08838021872781815,^HSI,0,0.00105583591155172,-0.127074431193562,2013-12-31
-0.09305677158818015,^HSI,0,-0.6005083965756117,-0.12707443098003562,2014-03-31
-0.10262916560356455,^HSI,0,0.2395893680294669,-0.12707443122604584,2014-06-30
-0.14538681674304696,^HSI,0,-0.2657324793903084,-0.12707443104038227,2014-09-30
-0.05367449240734894,^HSI,0,0.08612129384912032,-0.12707443087187173,2014-12-31
-0.04314637440034993,^HSI,0,0.3089014356092014,-0.1270744312486457,2015-03-31
0.24065947814996203,^HSI,0,0.302660707615115,-0.12707443078931444,2015-06-30
0.44460017574765714,^HSI,1,-1.9609823777268682,-0.12707443117173445,2015-09-30
0.7036414164439861,^HSI,0,0.2770376942560095,-0.12707443129344873,2015-12-31
1.1159941001676787,^HSI,0,-0.6209157816475844,-0.12707443106435348,2016-03-31
1.0695966388789646,^HSI,0,-0.16158112915166067,-0.12707443111458266,2016-06-30
0.28126455621709084,^HSI,0,0.8787491178066346,-0.127074431042362,2016-09-30
0.31697175642532494,^HSI,0,-0.6534619858049291,-0.12707443120233608,2016-12-31
0.28040083009039957,^HSI,0,0.6662996598546578,-0.12707443099846238,2017-03-31
0.2407521613541751,^HSI,0,0.42780086396372513,-0.12707443118998055,2017-06-30
0.3700942352064893,^HSI,0,0.4357098585822504,-0.12707443093680568,2017-09-30
0.8025245771912028,^HSI,0,0.5781311976545774,-0.12707443114399558,2017-12-31
0.9981778257529534,^HSI,0,-0.11829146878923198,-0.12707443075466798,2018-03-31
0.7825410003453844,^HSI,0,-0.49825185791601423,-0.1270744313345992,2018-06-30
0.38058325130518794,^HSI,0,-0.5197095472730427,-0.127074431136847,2018-09-30
0.6395220464167122,^HSI,0,-0.7775971934014344,-0.12707443113813366,2018-12-31
0.7507331768445192,^HSI,0,0.9107150726231584,-0.12707443108275576,2019-03-31
0.45318030423933486,^HSI,0,-0.321426097685905,-0.1270744310708783,2019-06-30
0.26804302344352265,^HSI,0,-0.9163069092597659,-0.12707443118190853,2019-09-30
0.26071877677053445,^HSI,0,0.5740443967137864,-0.12707443121010842,2019-12-31
0.4494803571059047,^N225,0,0.554653636657885,-0.12707443110483094,1998-03-31
0.5366814775024316,^N225,0,-0.5360520681114661,-0.12707443110483094,1998-06-30
0.15576259415642535,^N225,0,-1.50188137502523,-0.12707443110483094,1998-09-30
0.07211828136141807,^N225,0,0.11397834963039127,-0.12707443110483094,1998-12-31
0.09572646438417909,^N225,0,1.085271437674308,-0.12707443110483094,1999-03-31
0.08229113050716844,^N225,0,0.7617109691669344,-0.12707443110483094,1999-06-30
0.38524999144432087,^N225,0,-0.13138236953501584,-0.12707443110483094,1999-09-30
0.4384890327256276,^N225,0,0.488085643068989,-0.12707443110483094,1999-12-31
0.2418811473459753,^N225,0,0.47603847298579166,-0.12707443110483094,2000-03-31
0.0836640865002783,^N225,0,-1.4215324551463266,-0.12707443110483094,2000-06-30
0.15725429463439014,^N225,0,-1.0008393734309662,-0.12707443110483094,2000-09-30
0.46319896505873515,^N225,1,-1.2533418811482429,-0.12707443110483094,2000-12-31
0.756161414950193,^N225,0,-0.665305230094723,-0.12707443110483094,2001-03-31
0.45151242477416664,^N225,0,-0.18950922124793726,-0.12707443110483094,2001-06-30
0.3033391334399836,^N225,0,-2.3131131324773837,-0.12707443110483094,2001-09-30
0.3572738824874904,^N225,0,0.5149251388738613,-0.12707443110483094,2001-12-31
0.31115874803164817,^N225,0,0.22927001048941673,-0.12707443110483094,2002-03-31
0.11191753899435199,^N225,0,-0.4872656978933836,7.860461223703775,2002-06-30
-0.18532334034312659,^N225,1,-1.184034639574955,-0.12707442876237593,2002-09-30
-0.03237917899189762,^N225,0,-0.9151896066664621,-0.12707443111521993,2002-12-31
0.1427951390139343,^N225,0,-0.7841392604808637,-0.12707443110418437,2003-03-31
0.06454943543099743,^N225,0,1.0434195500995502,-0.1270744308478137,2003-06-30
-0.21546405689323697,^N225,0,0.9196806715948246,-0.12707443083609032,2003-09-30
-0.01822103460101099,^N225,0,0.22081346611882552,-0.12707443124421272,2003-12-31
0.07674149629162914,^N225,0,0.6779507005889327,-0.1270744309913815,2004-03-31
-0.00998155866115922,^N225,1,-0.06237162872927509,-0.12707443099880322,2004-06-30
-0.255846785317359,^N225,0,-0.9289547544773139,-0.12707443128415974,2004-09-30
-0.3408409282064238,^N225,0,0.3660090322689656,-0.1270744311216122,2004-12-31
-0.42539439382090244,^N225,0,-0.03245320843919594,-0.1270744309447302,2005-03-31
-0.4465180530490893,^N225,0,-0.23235055805864144,-0.12707443119131837,2005-06-30
-0.4103232225491688,^N225,0,1.326669700314266,-0.1270744307154413,2005-09-30
-0.03482730651549608,^N225,0,1.4580584037565942,-0.1270744307713824,2005-12-31
0.5451190827388243,^N225,0,0.3433499320269202,-0.12707443127702256,2006-03-31
0.7531968389148904,^N225,0,-0.9621953900063395,-0.12707443118922618,2006-06-30
0.3273220332912908,^N225,0,0.18045078418816068,-0.1270744311712437,2006-09-30
-0.12412107588024561,^N225,0,0.42381213254554684,-0.12707443106258523,2006-12-31
-0.1270901463145137,^N225,0,-0.13774354952293041,-0.1270744308024933,2007-03-31
-0.03857519069649294,^N225,0,0.2593852156585279,-0.12707443121138337,2007-06-30
-0.12183380812896862,^N225,0,-0.8181682036579463,-0.12707443112260758,2007-09-30
-0.1614659458230094,^N225,1,-0.9354318676547426,-0.1270744310896209,2007-12-31
0.2720617904467747,^N225,0,-1.7511655179180234,-0.1270744310256994,2008-03-31
0.5956699393166642,^N225,0,0.4953126610502297,-0.12707443117283224,2008-06-30
0.3643842693962262,^N225,0,-1.6034481690204476,-0.1270744311137769,2008-09-30
0.606931270392781,^N225,1,-2.024678755916283,-0.12707443092790538,2008-12-31
0.9763757024284198,^N225,0,-0.9059381142771774,-0.12707443118156805,2009-03-31
1.0178831659842593,^N225,0,1.8157114928027043,-0.12707443094588608,2009-06-30
0.43130845165418547,^N225,0,-0.016193072313330826,-0.12707443124118642,2009-09-30
-0.002998761245724918,^N225,0,0.18598951714613918,-0.12707443106505362,2009-12-31
-0.050072347018957915,^N225,0,0.27962385537799805,-0.12707443114302427,2010-03-31
-0.30046710261786397,^N225,0,-1.5091381408230928,-0.12707443109389646,2010-06-30
-0.30592221273423,^N225,0,-0.18131487735606397,-0.1270744312184019,2010-09-30
-0.25294325369574683,^N225,0,0.6296456347660416,-0.12707443103632304,2010-12-31
-0.2524260968885653,^N225,1,-0.5722190077139255,-0.12707443087798684,2011-03-31
-0.31751809365662065,^N225,0,-0.11455904984881186,-0.12707443127702497,2011-06-30
-0.33150497926222217,^N225,0,-1.1584975489146614,-0.12707443108696637,2011-09-30
-0.2150289395235672,^N225,0,-0.41406037774221827,-0.12707443127399637,2011-12-31
-0.22255092436711846,^N225,0,1.507318721469191,-0.12707443084196024,2012-03-31
-0.2852342078566511,^N225,0,-1.0985641312942227,-0.12707443120665746,2012-06-30
-0.333876236217334,^N225,0,-0.30102858997585763,-0.1270744311433914,2012-09-30
-0.355683570862425,^N225,0,1.3276566603496731,-0.12707443095150267,2012-12-31
-0.14840431426510378,^N225,0,1.5081359168665,-0.12707443065145557,2013-03-31
0.5007540516284064,^N225,0,0.7293437181998874,-0.12707443085924156,2013-06-30
0.8062533276698084,^N225,0,0.3264883657413198,-0.12707443145430242,2013-09-30
0.5991446796220649,^N225,0,0.9363362186693721,-0.12707443116666275,2013-12-31
0.16749290646398107,^N225,0,-0.9509802967159029,-0.12707443104426216,2014-03-31
-0.15094485504351662,^N225,0,0.02725790432302994,-0.12707443128495827,2014-06-30
-0.2501623596859368,^N225,0,0.41170755025235034,-0.12707443116106215,2014-09-30
-0.17951751786347167,^N225,0,0.5184718074141982,-0.12707443085784917,2014-12-31
0.16254674333610106,^N225,0,0.7070843567272617,-0.12707443116303838,2015-03-31
0.5334832625227672,^N225,0,0.2972668744618329,-0.12707443102010196,2015-06-30
0.5960742136713435,^N225,1,-1.3939696551497138,-0.1270744310742451,2015-09-30
0.2381464081868963,^N225,0,0.6548390634282656,-0.1270744312528582,2015-12-31
0.1755196826591434,^N225,1,-1.2094783792767743,-0.12707443087071352,2016-03-31
0.41620531935092936,^N225,0,-0.7833505231538245,-0.12707443124122458,2016-06-30
0.2961144108813868,^N225,0,0.31943348843601915,-0.12707443118587108,2016-09-30
0.08644207507149221,^N225,0,1.2410591772985284,-0.1270744310546394,2016-12-31
0.1184520604317342,^N225,0,-0.26239581340538565,-0.1270744311796291,2017-03-31
0.26435137772448253,^N225,0,0.3485402829866786,-0.12707443120425072,2017-06-30
0.1634486555026476,^N225,0,-0.028697125149099233,-0.12707443125438972,2017-09-30
0.042269336824352806,^N225,0,0.8610478458727683,-0.12707443111666464,2017-12-31
0.3660848569103069,^N225,0,-0.6701604991839168,-0.12707443113649672,2018-03-31
0.2680105195928385,^N225,0,0.17598843772194075,-0.12707443120848447,2018-06-30
0.08014251882637334,^N225,0,0.5395880223572671,-0.12707443110846398,2018-09-30
-0.16316758344213256,^N225,1,-1.650606550157354,-0.12707443103360078,2018-12-31
-0.0513826577633651,^N225,0,0.34903945416735005,-0.1270744312581677,2019-03-31
-0.050794844144839126,^N225,0,-0.14020426256191865,-0.1270744311265364,2019-06-30
-0.05469041270009647,^N225,0,0.027375984731237164,-0.1270744310853887,2019-09-30
-0.11717247409143557,^N225,0,0.5915686498131263,-0.12707443111644237,2019-12-31
-0.23996828399339534,^SSMI,0,1.6649842848874494,-0.12707443110483094,1998-03-31
-0.13941085784475424,^SSMI,0,0.17127807666941997,-0.12707443110483094,1998-06-30
-0.050446361835169186,^SSMI,1,-2.512138622293346,-0.12707443110483094,1998-09-30
-0.13647068239477284,^SSMI,1,1.9471452320710385,-0.12707443110483094,1998-12-31
-0.2335467171216573,^SSMI,0,-0.2060626933106812,-0.12707443110483094,1999-03-31
-0.2514220293914148,^SSMI,0,-0.4391650495945211,-0.12707443110483094,1999-06-30
-0.3569375210038133,^SSMI,0,-0.17087451484185634,-0.12707443110483094,1999-09-30
-0.5370769838708168,^SSMI,0,0.6661880848226002,-0.12707443110483094,1999-12-31
-0.551483804344228,^SSMI,0,-0.3322748724490739,-0.12707443110483094,2000-03-31
-0.5142272979043788,^SSMI,0,0.22184901518469258,-0.12707443110483094,2000-06-30
-0.42310680434007986,^SSMI,0,-0.22315621336717836,-0.12707443110483094,2000-09-30
-0.404483790650305,^SSMI,0,0.30739049410204117,-0.12707443110483094,2000-12-31
-0.4435767169225985,^SSMI,0,-1.2043430308167982,-0.12707443110483094,2001-03-31
-0.4454539227653853,^SSMI,0,-0.08105621579683794,-0.12707443110483094,2001-06-30
-0.3588023792392394,^SSMI,1,-1.6430394007502163,-0.12707443110483094,2001-09-30
-0.19377064920990783,^SSMI,0,0.4151953587135209,-0.12707443110483094,2001-12-31
-0.2702678560579086,^SSMI,0,0.15302520576982173,-0.12707443110483094,2002-03-31
-0.3746815562711721,^SSMI,0,-1.0525484758698733,-0.12707443110483094,2002-06-30
-0.3734373063083396,^SSMI,1,-1.9111111062935708,-0.12707443110483094,2002-09-30
-0.20395920914795007,^SSMI,0,-0.4459901599753845,7.860461223703775,2002-12-31
-0.12896970567487473,^SSMI,1,-1.1938653449950056,-0.12707442782825437,2003-03-31
-0.23456643672664446,^SSMI,0,1.3823625884779023,-0.12707443115048953,2003-06-30
-0.4327930283124841,^SSMI,0,0.24658563325331734,-0.12707443107901387,2003-09-30
-0.4103694721111381,^SSMI,0,0.5978785750213256,-0.127074431185671,2003-12-31
-0.35445835913370527,^SSMI,0,0.038499267760192774,-0.12707443089964993,2004-03-31
-0.4283605674802853,^SSMI,0,-0.1682098715890476,-0.12707443120368883,2004-06-30
-0.513869068028409,^SSMI,0,-0.4072516764566758,-0.12707443129546958,2004-09-30
-0.5659716361073427,^SSMI,0,0.1940139607997135,-0.12707443097334922,2004-12-31
-0.5786025691039112,^SSMI,0,0.19263212943036334,-0.1270744309755894,2005-03-31
-0.5400643486416439,^SSMI,0,0.30578287126119086,-0.127074431027152,2005-06-30
-0.4483315413029377,^SSMI,0,0.7300498002297956,-0.12707443127533694,2005-09-30
-0.3491359645181139,^SSMI,0,0.6953551976036977,-0.12707443101334395,2005-12-31
-0.23058501739536802,^SSMI,0,0.33537601751811835,-0.12707443080970882,2006-03-31
-0.2315283486327694,^SSMI,0,-0.5717278691136046,-0.12707443101867047,2006-06-30
-0.36941760241829275,^SSMI,0,0.7112978208925639,-0.12707443139011917,2006-09-30
-0.41960461809442484,^SSMI,0,0.20273753690799978,-0.12707443101555463,2006-12-31
-0.33203985920515944,^SSMI,0,0.020560271258111506,-0.1270744308314813,2007-03-31
-0.26879165023997337,^SSMI,0,0.05637678179251686,-0.1270744310466962,2007-06-30
-0.4033313046293856,^SSMI,0,-0.42977680834256876,-0.12707443108328584,2007-09-30
-0.4882876493327047,^SSMI,0,-0.6065050845055105,-0.12707443110565103,2007-12-31
-0.3381569441907241,^SSMI,1,-1.4619503484620093,-0.12707443094162765,2008-03-31
-0.17000190341334095,^SSMI,0,-0.48925485856293155,-0.12707443124279214,2008-06-30
-0.1655181091993998,^SSMI,0,-0.5488128713604037,-0.12707443086831194,2008-09-30
-0.17356219448121424,^SSMI,1,-1.6345006361885686,-0.12707443118560927,2008-12-31
-0.09424987329652873,^SSMI,0,-1.1238737285711806,-0.12707443118799847,2009-03-31
-0.039718000067245636,^SSMI,0,0.6729002617678556,-0.12707443123335513,2009-06-30
-0.21794775529362698,^SSMI,0,1.3117442732703863,-0.12707443119916745,2009-09-30
-0.31658415559500247,^SSMI,0,0.13764703553477273,-0.1270744311800829,2009-12-31
-0.26083655771449427,^SSMI,0,0.2664891463971724,-0.12707443096078722,2010-03-31
-0.36462435578447827,^SSMI,0,-1.1129171802451312,-0.12707443116141656,2010-06-30
-0.5144960784083413,^SSMI,0,0.07004825231437431,-0.12707443124820927,2010-09-30
-0.5348096361065457,^SSMI,0,0.024173876621408692,-0.12707443115842965,2010-12-31
-0.5403790525640629,^SSMI,0,-0.2751469182699391,-0.1270744309385364,2011-03-31
-0.5769746980057061,^SSMI,0,-0.4024149146772023,-0.1270744312443708,2011-06-30
-0.476545909128829,^SSMI,1,-1.0910218869863988,-0.12707443068254332,2011-09-30
-0.3543212552059645,^SSMI,0,0.46754635995157157,-0.12707443137200464,2011-12-31
-0.3878988664208082,^SSMI,0,0.2698900308572178,-0.12707443114774028,2012-03-31
-0.43940604140679196,^SSMI,0,-0.40442867777500224,-0.12707443110805966,2012-06-30
-0.4686280299922307,^SSMI,0,0.44659949378642716,-0.12707443120727932,2012-09-30
-0.47382076818417534,^SSMI,0,0.26863714299970004,-0.127074431172621,2012-12-31
-0.3793511071905607,^SSMI,0,1.0957764446087215,-0.12707443099751686,2013-03-31
-0.2391359066078585,^SSMI,0,-0.3145174545728339,-0.12707443107050184,2013-06-30
-0.28553160563234936,^SSMI,0,0.21574652596506955,-0.12707443130851115,2013-09-30
-0.3862729314904074,^SSMI,0,0.026741173265078556,-0.12707443100542984,2013-12-31
-0.5024996847810723,^SSMI,0,0.09720966496536107,-0.1270744309344397,2014-03-31
-0.5002675711349812,^SSMI,0,-0.06529216013269623,-0.12707443119957618,2014-06-30
-0.5103307549508102,^SSMI,0,0.11657516984573991,-0.12707443109182553,2014-09-30
-0.51638326855046,^SSMI,0,-0.022935799272150278,-0.12707443097524934,2014-12-31
-0.4983718288141493,^SSMI,1,-0.02788463853135378,-0.12707443081735087,2015-03-31
-0.4634554404407289,^SSMI,0,-0.5008931027598498,-0.12707443130140986,2015-06-30
-0.4518442650014146,^SSMI,1,-0.43417506562245956,-0.1270744310656375,2015-09-30
-0.4590827918658203,^SSMI,0,0.14255537479692842,-0.1270744311657885,2015-12-31
-0.4038860266164128,^SSMI,0,-1.166240110034152,-0.1270744307875444,2016-03-31
-0.31946870910672964,^SSMI,0,0.06766613044759828,-0.12707443116854927,2016-06-30
-0.38119190392661334,^SSMI,0,-0.0399736135490219,-0.1270744312122232,2016-09-30
-0.4763255504390148,^SSMI,0,-0.08250013347753665,-0.12707443101467236,2016-12-31
-0.5341081876956721,^SSMI,0,0.295950886028828,-0.1270744311015224,2017-03-31
-0.4625695199454088,^SSMI,0,0.08033896785530423,-0.12707443113572175,2017-06-30
-0.4023076577754855,^SSMI,0,0.07590898110232418,-0.12707443125045592,2017-09-30
-0.415271157963158,^SSMI,0,0.044340203637755586,-0.1270744310958244,2017-12-31
-0.4890868062916337,^SSMI,0,-0.7636529543917547,-0.12707443099010918,2018-03-31
-0.5147057526912353,^SSMI,0,-0.3001141327713928,-0.12707443113142464,2018-06-30
-0.4868699846367446,^SSMI,0,0.3150325156941737,-0.1270744312336261,2018-09-30
-0.49295344593523077,^SSMI,0,-0.7999233662363227,-0.12707443083000267,2018-12-31
-0.5295074540709088,^SSMI,0,0.9138628905773614,-0.12707443115618552,2019-03-31
-0.45806096686730224,^SSMI,0,0.21714008325243211,-0.12707443112952602,2019-06-30
-0.3879915775017514,^SSMI,0,-0.010611434306369783,-0.12707443087448628,2019-09-30
-0.3516133899439995,^SSMI,0,0.29624594542797317,-0.12707443123754872,2019-12-31
